year,paragraph_nlr,dense_br_nlr,structured_slr,late_slr_font
1878,0.45263755480518103,0.467362445194819,0.0791210445895525,0.000878955410447454
1895,0.4518318413947715,0.46816815860522853,0.07798984961937179,0.002010150380628172
1896,0.8975212765802593,0.022478723419740804,0.07904529910484893,0.0009547008951510252
1897,0.7655254273277079,0.15447457267229212,0.07885238171223355,0.0011476182877664042
1898,0.9034526868348758,0.016547313165124235,0.0791210445895525,0.000878955410447454
1899,0.9034526868348758,0.016547313165124235,0.0791210445895525,0.000878955410447454
1900,0.8997680110224159,0.020231988977584183,0.0791210445895525,0.000878955410447454
1901,0.9034526868348758,0.016547313165124235,0.0774927183710054,0.002507281628994569
1902,0.8281650477656357,0.09183495223436429,0.07844917406654946,0.0015508259334504938
1903,0.8877342479227843,0.03226575207721569,0.0791210445895525,0.000878955410447454
1904,0.8978031402957444,0.02219685970425566,0.0791210445895525,0.000878955410447454
1905,0.8602284389193486,0.05977156108065137,0.07701386338587268,0.0029861366141272767
1906,0.8721657734890531,0.04783422651094694,0.07905313736636779,0.0009468626336321698
1908,0.8605972505290689,0.059402749470931195,0.07850679507264882,0.0014932049273511403
1909,0.9017469187246487,0.01825308127535131,0.06936286078417363,0.010637139215826336
1910,0.885659263643401,0.0343407363565991,0.07459626470882964,0.0054037352911703255
1911,0.8972390779702689,0.02276092202973115,0.07136922227371618,0.008630777726283774
1912,0.9034526868348758,0.016547313165124235,0.07871539187233334,0.001284608127666619
1913,0.01566334133470457,0.9043366586652954,0.0791210445895525,0.000878955410447454
1914,0.15459991908460866,0.7654000809153914,0.07811421018619304,0.001885789813806913
1915,0.00010365916625657335,0.9198963408337435,0.0791210445895525,0.000878955410447454
1916,0.0045307970003395535,0.9154692029996605,0.0791210445895525,0.000878955410447454
1917,0.004127774882786464,0.9158722251172137,0.07783922953744292,0.0021607704625570398
1918,0.0004112493795922327,0.9195887506204078,0.0791210445895525,0.000878955410447454
1919,1.682757076182817e-05,0.9199831724292382,0.0791210445895525,0.000878955410447454
1920,0.00041983170223274397,0.9195801682977672,0.0791210445895525,0.000878955410447454
1921,0.0017634555380204241,0.9182365444619796,0.07699789364414525,0.0030021063558547034
1922,0.0037109117466011445,0.9162890882533989,0.07431805217596012,0.005681947824039841
1923,1.3966240707173894e-05,0.9199860337592929,0.07871249210941297,0.0012875078905869907
1924,0.5155764709442204,0.4044235290557796,0.0791210445895525,0.000878955410447454
1925,0.29795187260556777,0.6220481273944323,0.0791210445895525,0.000878955410447454
1926,0.0008346178204550282,0.919165382179545,0.07374423568089927,0.006255764319100685
1927,4.114026621303927e-06,0.9199958859733788,0.07770561062594768,0.002294389374052287
1928,7.856481431199732e-05,0.919921435185688,0.07887670551773628,0.0011232944822636853
1929,0.0003222824671305761,0.9196777175328695,0.07841865085499257,0.0015813491450073949
1930,0.000727547423840869,0.9192724525761592,0.07802102170058905,0.001978978299410908
1931,0.0006776483198382476,0.9193223516801617,0.0791210445895525,0.000878955410447454
1932,9.548254507329712e-05,0.9199045174549267,0.0791210445895525,0.000878955410447454
1933,0.00048551695527424856,0.9195144830447258,0.07830388313314643,0.001696116866853532
1934,0.0003126682697724173,0.9196873317302277,0.07871093520534315,0.0012890647946567954
1935,0.0005203895261424213,0.9194796104738576,0.07831808075662164,0.0016819192433783277
1936,0.04716644813366831,0.8728335518663318,0.07822105329149812,0.001778946708501848
1937,0.05911401573654162,0.8608859842634584,0.07815422260751707,0.0018457773924828854
1938,0.00783209576660008,0.8421679042333999,0.14267152531476263,0.00732847468523735
1939,4.11544136174058e-07,0.9199995884558638,0.06563921265821802,0.014360787341781932
1940,0.6064763110873538,0.31352368891264626,0.07899887505364439,0.0010011249463555696
1941,0.47483617974830566,0.44516382025169443,0.07904971681383693,0.000950283186163034
1942,0.0003921210071945008,0.9196078789928056,0.07861176195997707,0.0013882380400228856
1943,0.0014624977227946244,0.9185375022772054,0.07898591563046518,0.0010140843695347732
1944,0.00978306936954678,0.9102169306304533,0.0791210445895525,0.000878955410447454
1945,0.0023523299191155343,0.9176476700808845,0.0791210445895525,0.000878955410447454
1946,0.001162018062192009,0.9188379819378081,0.07691476626503922,0.0030852337349607396
1947,0.00331393552541657,0.9166860644745835,0.07909192731018698,0.0009080726898129717
1948,0.0033856702776225325,0.9166143297223776,0.07890246825779022,0.001097531742209738
1949,0.0027482777237555138,0.9172517222762445,0.07843036842201977,0.0015696315779801838
1950,0.0004962241861991131,0.9195037758138008,0.07645978345970057,0.0035402165402994017
1951,0.052240967298958385,0.8677590327010417,0.07729188721048207,0.0027081127895179045
1952,0.0017213119264243859,0.9182786880735757,0.07873932982438027,0.0012606701756196887
1953,0.00030210598076849425,0.9196978940192316,0.07824662917025377,0.0017533708297461817
1954,0.0023207194093160513,0.917679280590684,0.07891489942238493,0.0010851005776150295
1955,0.00037325871877320167,0.9196267412812268,0.07885012885517685,0.0011498711448231162
1956,0.12851931095937869,0.7914806890406213,0.07892207038748163,0.0010779296125183434
1957,0.06069676661563043,0.8593032333843696,0.0791210445895525,0.000878955410447454
1958,0.18171996109619976,0.7382800389038002,0.07897174613348398,0.0010282538665159816
1959,0.0460303849236036,0.8739696150763964,0.07905123342617644,0.0009487665738235201
1960,0.036750084774221946,0.8832499152257781,0.07892115845816741,0.0010788415418325394
1961,0.002874231863991363,0.9171257681360087,0.07903206755686826,0.0009679324431317019
1962,0.01911603204129568,0.8781812652560016,0.1013201305192334,0.0013825721834692611
1963,0.010664360015187608,0.9093356399848124,0.07868322462591056,0.0013167753740894095
1964,0.0035129177361302587,0.9164870822638699,0.0784826955230335,0.0015173044769664675
1965,0.0002235639054857905,0.9197764360945143,0.07901878110510341,0.0009812188948965482
1966,0.000765692820435801,0.9192343071795642,0.0790444321720065,0.0009555678279934616
1967,0.0033057970411740777,0.916694202958826,0.07889720823422529,0.0011027917657746677
1968,0.002554171244098978,0.9174458287559011,0.07885301096976483,0.0011469890302351373
1969,0.0004717963568136235,0.9195282036431864,0.0778794335241799,0.002120566475820051
1970,0.0015153891574656514,0.9184846108425344,0.0774453329675667,0.0025546670324332675
1971,0.004685891147200307,0.893208845694905,0.09872890918186328,0.0033763539760314244
1972,0.01088987143577751,0.7995449111729181,0.1846460057944982,0.004919211596806113
1973,0.017109362491754942,0.8144695848766661,0.16566554621871632,0.0027555064128625944
1974,0.00012285737908757202,0.9198771426209125,0.0780295545194973,0.0019704454805026623
1975,0.0005765341334990122,0.919423465866501,0.07876761129714918,0.001232388702850779
1976,0.022564542289062076,0.6574354577109379,0.31616427263022917,0.003835727369770829
1977,2.1302474665141346e-06,0.49999786975253346,0.4945065286847034,0.00549347131529659
1978,0.1307056941276729,0.5492943058723271,0.1862504308456366,0.13374956915436337
1979,0.06063460307986074,0.019365396920139225,0.9098920127798543,0.010107987220145725
1980,0.07694397795899185,0.0030560220410081065,0.9097038140962436,0.010296185903756456
1981,0.010210623870375404,0.06978937612962455,0.9098920127798543,0.010107987220145725
1982,0.07837793191091252,0.0016220680890874403,0.9097878410158245,0.010212158984175495
1983,0.0778027950962392,0.002197204903760746,0.9098362431473989,0.010163756852601185
1984,0.07773445551040915,0.00226554448959081,0.9098920127798543,0.010107987220145725
1985,0.077027873873214,0.002972126126785953,0.9098920127798544,0.010107987220145723
1986,0.0768414146812677,0.003158585318732252,0.9098920127798543,0.010107987220145725
1987,0.07684510953760322,0.003154890462396735,0.9098920127798543,0.010107987220145725
1988,0.074881085981772,0.03408443125960728,0.8812057998684273,0.009828682890193462
1989,0.07740404765645467,0.002595952343545296,0.9098287224102383,0.01017127758976169
1990,0.07612678020533006,0.0038732197946698983,0.9098920127798543,0.010107987220145725
1991,0.055611702558790305,0.02438829744120966,0.9098553088187898,0.010144691181210202
1992,0.07145304562937929,0.008546954370620674,0.9098920127798543,0.010107987220145725
1993,0.06964883724795716,0.010351162752042802,0.909849953729339,0.010150046270660969
1994,0.06312326659507841,0.016876733404921546,0.9096054236785499,0.010394576321450147
1995,0.06770256061566576,0.012297439384334197,0.9098920127798543,0.010107987220145725
1996,0.07350636879380654,0.006493631206193421,0.9098920127798544,0.010107987220145725
1997,0.05390824771764121,0.02609175228235875,0.9098920127798543,0.010107987220145725
1998,0.04198651612111828,0.03801348387888168,0.9098920127798543,0.010107987220145725
1999,0.054979147347015506,0.025020852652984454,0.8933495814301293,0.02665041856987082
2000,0.005564526670357715,0.07443547332964225,0.9098920127798544,0.010107987220145725
2001,0.01466249266595701,0.06533750733404295,0.9098920127798543,0.010107987220145725
2002,0.031664839382435174,0.048335160617564786,0.8905354616220951,0.02946453837790495
2003,0.03550246952458495,0.04449753047541501,0.9098920127798543,0.010107987220145725
2004,5.1990583789846646e-05,0.07994800941621011,0.9098920127798543,0.010107987220145725
2005,0.023399237499964108,0.05660076250003585,0.2482530975785096,0.6717469024214905
2006,0.039245965658055666,0.040754034341944294,2.8871642247530472e-05,0.9199711283577525
2007,0.052410009002664196,0.027589990997335757,0.0006253278670208752,0.9193746721329792
2008,0.05451150189057214,0.025488498109427816,4.473332690401399e-05,0.919955266673096
2009,0.04332362728579005,0.03667637271420991,4.1833546531702135e-05,0.9199581664534684
2010,1.880943027414971e-05,0.07998119056972582,3.8931716485243406e-05,0.9199610682835149
