document,page,chars,blocks,paragraphs,sinhala,tamil,latin,digits,mean_confidence,languages
source-001-national-identity-card.pdf,1,155,9,12,79,0,41,31,0.8353,"en,fi,si,sk"
source-001-national-identity-card.pdf,2,228,18,20,84,52,52,29,0.8011,"en,nl,pl,si,ta"
source-002-survey-plan-2338-lot-17-18-extracts.pdf,1,1838,62,79,384,0,1119,190,0.9296,"en,es,fil,si"
source-002-survey-plan-2338-lot-17-18-extracts.pdf,2,1803,68,82,351,0,1123,189,0.9437,"en,es,si"
source-003-title-certificate-parcel-0021.pdf,1,1104,53,67,629,102,175,115,0.9117,"de,en,ro,si,ta,uz"
source-003-title-certificate-parcel-0021.pdf,2,1161,34,36,498,568,14,39,0.9657,"en,si,ta"
source-004-form8-instrument-of-transfer-with-stamp-receipt.pdf,1,708,29,38,0,0,576,65,0.9743,"en,jv,sk"
source-004-form8-instrument-of-transfer-with-stamp-receipt.pdf,2,1050,63,67,0,0,875,78,0.9627,"en,jv,so"
source-004-form8-instrument-of-transfer-with-stamp-receipt.pdf,3,2687,74,85,338,761,1252,165,0.8743,"en,es,fi,ha,hr,jv,si,ta"
source-004-form8-instrument-of-transfer-with-stamp-receipt.pdf,4,954,39,40,0,0,828,62,0.9251,"en,fr,lb,pl,so"
source-004-form8-instrument-of-transfer-with-stamp-receipt.pdf,5,916,53,61,0,0,809,56,0.9013,"ceb,en,ha,mg,pl,ro,sn,st,yo"
source-004-form8-instrument-of-transfer-with-stamp-receipt.pdf,6,2312,12,17,0,0,2145,94,0.9388,"en,pl"
source-004-form8-instrument-of-transfer-with-stamp-receipt.pdf,7,724,16,18,0,0,659,33,0.9283,"en,id,pl,ro"
source-004-form8-instrument-of-transfer-with-stamp-receipt.pdf,8,750,36,43,8,6,595,68,0.9615,"en,eo,jv,si,ta"
source-004-form8-instrument-of-transfer-with-stamp-receipt.pdf,9,1027,61,66,0,0,855,74,0.945,"en,jv,om,so"
source-004-form8-instrument-of-transfer-with-stamp-receipt.pdf,10,2668,75,94,362,594,1351,167,0.8597,"da,de,en,es,et,fi,ha,it,jv,kri,lb,si,sv,ta"
source-004-form8-instrument-of-transfer-with-stamp-receipt.pdf,11,993,43,48,0,0,861,66,0.8866,"en,fr,la,lb,mg,pl,so"
source-004-form8-instrument-of-transfer-with-stamp-receipt.pdf,12,663,35,44,0,0,578,55,0.9321,"ceb,en,es,ig,pl,sn,st,yo"
source-004-form8-instrument-of-transfer-with-stamp-receipt.pdf,13,2318,16,19,0,0,2149,93,0.9019,"en,pl"
source-004-form8-instrument-of-transfer-with-stamp-receipt.pdf,14,721,19,19,0,0,654,35,0.8678,en
source-004-form8-instrument-of-transfer-with-stamp-receipt.pdf,15,1213,57,59,922,0,160,30,0.882,"de,en,si,uz"
source-004-form8-instrument-of-transfer-with-stamp-receipt.pdf,16,316,15,17,185,0,22,48,0.719,"en,haw,pt,si"
source-005-rta-sale-instrument-sinhala-registered.pdf,1,1439,81,93,1141,0,20,121,0.9101,"en,ms,si"
source-005-rta-sale-instrument-sinhala-registered.pdf,2,1786,58,60,1438,0,77,140,0.9218,"en,es,si,sk"
source-006-vendor-board-resolution-lot-20.pdf,1,1707,24,29,0,0,1494,121,0.9298,"en,es,om,pl,sw"
source-007-payment-cheque-part-consideration.pdf,1,491,30,32,0,0,378,80,0.9047,"en,es,fil"
