# Registry statutes with no extracted sections, matched by title against
# the LankaLaw catalogue. match_count=1 rows are what `fetch` downloads.
source_id,official_title,act_no,year,reason,match_count,matched_title,url,candidates
SRC028,Rent Act,7,1972,source is a compendium volume,1,Rent Act,https://lankalaw.net/wp-content/uploads/2025/02/1981Y19V597C-1.html,
SRC033,Land Reform Law,1,1972,source is a compendium volume,1,Land Reform Law,https://lankalaw.net/wp-content/uploads/2025/02/1981Y11V297C-1.html,
SRC037,Revocation of Irrevocable Deeds of Gift on the Ground of Gross Ingratitude Act,5,2017,no sections extracted,0,,,
SRC046,Tesawalamai Pre-emption Ordinance,59,1947,no sections extracted,1,Thesawalamai Pre-emption Ordinance,https://lankalaw.net/wp-content/uploads/2025/02/2001Y3V64C.html,pinned in OVERRIDES
SRC047,Kandyan Succession Ordinance,23,1917,no sections extracted,1,Kandyan Succession Ordinance,https://lankalaw.net/wp-content/uploads/2025/02/1981Y6V133C-1.html,
SRC048,Muslim Intestate Succession Ordinance,10,1931,source is a compendium volume,1,Muslim Intestate Succession Ordinance,https://lankalaw.net/wp-content/uploads/2025/02/1981Y4V72C-1.html,
SRC055,Land Surveys Ordinance,4,1866,no sections extracted,1,Land Surveys Ordinance,https://lankalaw.net/wp-content/uploads/2025/02/1981Y11V293C-1.html,
SRC057,State Lands (Claims) Ordinance,21,1931,no sections extracted,1,State Land (Claims) Ordinance,https://lankalaw.net/wp-content/uploads/2025/02/1981Y11V294C-1.html,
SRC058,State Lands Encroachments Ordinance,12,1840,no sections extracted,1,State Lands Encroachments Ordinance,https://lankalaw.net/wp-content/uploads/2025/02/1981Y11V288C-1.html,
SRC059,Trusts Ordinance,9,1917,source is a compendium volume,1,Trusts Ordinance,https://lankalaw.net/wp-content/uploads/2025/02/1981Y4V96C-1.html,
SRC070,Execution of Deeds Ordinance,17,1852,no sections extracted,1,Deeds and Documents (Execution before Public Officers) Ordinance,https://lankalaw.net/wp-content/uploads/2025/02/2001Y3V71C.html,
SRC071,Prescription Ordinance,22,1871,source is a compendium volume,0,,,
SRC072,Nindagama Lands Act,30,1968,no sections extracted,1,Nindagama Lands Act,https://lankalaw.net/wp-content/uploads/2025/02/1981Y11V301C-1.html,
SRC073,Local Authorities Housing Act,14,1964,no sections extracted,1,Local Authorities Housing Act,https://lankalaw.net/wp-content/uploads/2025/02/1981Y19V601C-1.html,
SRC075,National Housing Development Authority Act,17,1979,no sections extracted,1,National Housing Development Authority Act,https://lankalaw.net/wp-content/uploads/2025/02/1981Y12V337C-1.html,
SRC077,Registration of Old Deeds and Instruments Ordinance,35,1947,no sections extracted,1,Registration of Old Deeds and Instruments Ordinance,https://lankalaw.net/wp-content/uploads/2025/02/1981Y6V137C-1.html,
SRC078,Sannases and Old Deeds Ordinance,6,1866,no sections extracted,1,Sannases and Old Deeds Ordinance,https://lankalaw.net/wp-content/uploads/2025/02/1981Y6V136C-1.html,
SRC079,Lands Resumption Ordinance,4,1887,no sections extracted,1,Lands Resumption Ordinance,https://lankalaw.net/wp-content/uploads/2025/02/1981Y11V290C-1.html,pinned in OVERRIDES
