series,year,volume,source,index_url,case_count,status,notes
SLR,2012,1,LawLanka,https://www.lawlanka.com/lal_v2/slrDetailView?selectedYear=2012&slrSelectedVolume=1,56,public_index_found,Public citation/table index only; full report text may require subscription or official access.
SLR,2012,2,LawLanka,https://www.lawlanka.com/lal_v2/slrDetailView?selectedYear=2012&slrSelectedVolume=2,47,public_index_found,Public citation/table index only; full report text may require subscription or official access.
SLR,2012,3,LawLanka,https://www.lawlanka.com/lal_v2/slrDetailView?selectedYear=2012&slrSelectedVolume=3,0,not_found_on_lawlanka,No public LawLanka SLR volume table found during scan.
SLR,2013,1,LawLanka,https://www.lawlanka.com/lal_v2/slrDetailView?selectedYear=2013&slrSelectedVolume=1,29,public_index_found,Public citation/table index only; full report text may require subscription or official access.
SLR,2013,2,LawLanka,https://www.lawlanka.com/lal_v2/slrDetailView?selectedYear=2013&slrSelectedVolume=2,9,public_index_found,Public citation/table index only; full report text may require subscription or official access.
SLR,2013,3,LawLanka,https://www.lawlanka.com/lal_v2/slrDetailView?selectedYear=2013&slrSelectedVolume=3,0,not_found_on_lawlanka,No public LawLanka SLR volume table found during scan.
SLR,2014,1,LawLanka,https://www.lawlanka.com/lal_v2/slrDetailView?selectedYear=2014&slrSelectedVolume=1,34,public_index_found,Public citation/table index only; full report text may require subscription or official access.
SLR,2014,2,LawLanka,https://www.lawlanka.com/lal_v2/slrDetailView?selectedYear=2014&slrSelectedVolume=2,0,not_found_on_lawlanka,No public LawLanka SLR volume table found during scan.
SLR,2014,3,LawLanka,https://www.lawlanka.com/lal_v2/slrDetailView?selectedYear=2014&slrSelectedVolume=3,0,not_found_on_lawlanka,No public LawLanka SLR volume table found during scan.
SLR,2015,1,LawLanka,https://www.lawlanka.com/lal_v2/slrDetailView?selectedYear=2015&slrSelectedVolume=1,41,public_index_found,Public citation/table index only; full report text may require subscription or official access.
SLR,2015,2,LawLanka,https://www.lawlanka.com/lal_v2/slrDetailView?selectedYear=2015&slrSelectedVolume=2,0,not_found_on_lawlanka,No public LawLanka SLR volume table found during scan.
SLR,2015,3,LawLanka,https://www.lawlanka.com/lal_v2/slrDetailView?selectedYear=2015&slrSelectedVolume=3,0,not_found_on_lawlanka,No public LawLanka SLR volume table found during scan.
SLR,2016,1,LawLanka,https://www.lawlanka.com/lal_v2/slrDetailView?selectedYear=2016&slrSelectedVolume=1,35,public_index_found,Public citation/table index only; full report text may require subscription or official access.
SLR,2016,2,LawLanka,https://www.lawlanka.com/lal_v2/slrDetailView?selectedYear=2016&slrSelectedVolume=2,0,not_found_on_lawlanka,No public LawLanka SLR volume table found during scan.
SLR,2016,3,LawLanka,https://www.lawlanka.com/lal_v2/slrDetailView?selectedYear=2016&slrSelectedVolume=3,0,not_found_on_lawlanka,No public LawLanka SLR volume table found during scan.
SLR,2017,1,LawLanka,https://www.lawlanka.com/lal_v2/slrDetailView?selectedYear=2017&slrSelectedVolume=1,54,public_index_found,Public citation/table index only; full report text may require subscription or official access.
SLR,2017,2,LawLanka,https://www.lawlanka.com/lal_v2/slrDetailView?selectedYear=2017&slrSelectedVolume=2,0,not_found_on_lawlanka,No public LawLanka SLR volume table found during scan.
SLR,2017,3,LawLanka,https://www.lawlanka.com/lal_v2/slrDetailView?selectedYear=2017&slrSelectedVolume=3,0,not_found_on_lawlanka,No public LawLanka SLR volume table found during scan.
SLR,2018,1,LawLanka,https://www.lawlanka.com/lal_v2/slrDetailView?selectedYear=2018&slrSelectedVolume=1,0,not_found_on_lawlanka,No public LawLanka SLR volume table found during scan.
SLR,2018,2,LawLanka,https://www.lawlanka.com/lal_v2/slrDetailView?selectedYear=2018&slrSelectedVolume=2,0,not_found_on_lawlanka,No public LawLanka SLR volume table found during scan.
SLR,2018,3,LawLanka,https://www.lawlanka.com/lal_v2/slrDetailView?selectedYear=2018&slrSelectedVolume=3,0,not_found_on_lawlanka,No public LawLanka SLR volume table found during scan.
SLR,2019,1,LawLanka,https://www.lawlanka.com/lal_v2/slrDetailView?selectedYear=2019&slrSelectedVolume=1,46,public_index_found,Public citation/table index only; full report text may require subscription or official access.
SLR,2019,2,LawLanka,https://www.lawlanka.com/lal_v2/slrDetailView?selectedYear=2019&slrSelectedVolume=2,46,public_index_found,Public citation/table index only; full report text may require subscription or official access.
SLR,2019,3,LawLanka,https://www.lawlanka.com/lal_v2/slrDetailView?selectedYear=2019&slrSelectedVolume=3,46,public_index_found,Public citation/table index only; full report text may require subscription or official access.
SLR,2020,1,LawLanka,https://www.lawlanka.com/lal_v2/slrDetailView?selectedYear=2020&slrSelectedVolume=1,31,public_index_found,Public citation/table index only; full report text may require subscription or official access.
SLR,2020,2,LawLanka,https://www.lawlanka.com/lal_v2/slrDetailView?selectedYear=2020&slrSelectedVolume=2,33,public_index_found,Public citation/table index only; full report text may require subscription or official access.
SLR,2020,3,LawLanka,https://www.lawlanka.com/lal_v2/slrDetailView?selectedYear=2020&slrSelectedVolume=3,24,public_index_found,Public citation/table index only; full report text may require subscription or official access.
SLR,2021,1,LawLanka,https://www.lawlanka.com/lal_v2/slrDetailView?selectedYear=2021&slrSelectedVolume=1,32,public_index_found,Public citation/table index only; full report text may require subscription or official access.
SLR,2021,2,LawLanka,https://www.lawlanka.com/lal_v2/slrDetailView?selectedYear=2021&slrSelectedVolume=2,37,public_index_found,Public citation/table index only; full report text may require subscription or official access.
SLR,2021,3,LawLanka,https://www.lawlanka.com/lal_v2/slrDetailView?selectedYear=2021&slrSelectedVolume=3,30,public_index_found,Public citation/table index only; full report text may require subscription or official access.
SLR,2022,1,LawLanka,https://www.lawlanka.com/lal_v2/slrDetailView?selectedYear=2022&slrSelectedVolume=1,0,not_found_on_lawlanka,No public LawLanka SLR volume table found during scan.
SLR,2022,2,LawLanka,https://www.lawlanka.com/lal_v2/slrDetailView?selectedYear=2022&slrSelectedVolume=2,0,not_found_on_lawlanka,No public LawLanka SLR volume table found during scan.
SLR,2022,3,LawLanka,https://www.lawlanka.com/lal_v2/slrDetailView?selectedYear=2022&slrSelectedVolume=3,0,not_found_on_lawlanka,No public LawLanka SLR volume table found during scan.
SLR,2023,1,LawLanka,https://www.lawlanka.com/lal_v2/slrDetailView?selectedYear=2023&slrSelectedVolume=1,0,not_found_on_lawlanka,No public LawLanka SLR volume table found during scan.
SLR,2023,2,LawLanka,https://www.lawlanka.com/lal_v2/slrDetailView?selectedYear=2023&slrSelectedVolume=2,0,not_found_on_lawlanka,No public LawLanka SLR volume table found during scan.
SLR,2023,3,LawLanka,https://www.lawlanka.com/lal_v2/slrDetailView?selectedYear=2023&slrSelectedVolume=3,0,not_found_on_lawlanka,No public LawLanka SLR volume table found during scan.
SLR,2024,1,LawLanka,https://www.lawlanka.com/lal_v2/slrDetailView?selectedYear=2024&slrSelectedVolume=1,0,not_found_on_lawlanka,No public LawLanka SLR volume table found during scan.
SLR,2024,2,LawLanka,https://www.lawlanka.com/lal_v2/slrDetailView?selectedYear=2024&slrSelectedVolume=2,0,not_found_on_lawlanka,No public LawLanka SLR volume table found during scan.
SLR,2024,3,LawLanka,https://www.lawlanka.com/lal_v2/slrDetailView?selectedYear=2024&slrSelectedVolume=3,0,not_found_on_lawlanka,No public LawLanka SLR volume table found during scan.
SLR,2025,1,LawLanka,https://www.lawlanka.com/lal_v2/slrDetailView?selectedYear=2025&slrSelectedVolume=1,0,not_found_on_lawlanka,No public LawLanka SLR volume table found during scan.
SLR,2025,2,LawLanka,https://www.lawlanka.com/lal_v2/slrDetailView?selectedYear=2025&slrSelectedVolume=2,0,not_found_on_lawlanka,No public LawLanka SLR volume table found during scan.
SLR,2025,3,LawLanka,https://www.lawlanka.com/lal_v2/slrDetailView?selectedYear=2025&slrSelectedVolume=3,0,not_found_on_lawlanka,No public LawLanka SLR volume table found during scan.
SLR,2026,1,LawLanka,https://www.lawlanka.com/lal_v2/slrDetailView?selectedYear=2026&slrSelectedVolume=1,0,not_found_on_lawlanka,No public LawLanka SLR volume table found during scan.
SLR,2026,2,LawLanka,https://www.lawlanka.com/lal_v2/slrDetailView?selectedYear=2026&slrSelectedVolume=2,0,not_found_on_lawlanka,No public LawLanka SLR volume table found during scan.
SLR,2026,3,LawLanka,https://www.lawlanka.com/lal_v2/slrDetailView?selectedYear=2026&slrSelectedVolume=3,0,not_found_on_lawlanka,No public LawLanka SLR volume table found during scan.
