topic_id,slug,source_id,role
01,01-introduction-to-conveyancing,SRC001,Main Prevention of Frauds Ordinance source
01,01-introduction-to-conveyancing,SRC002,2022 Prevention of Frauds amendment
01,01-introduction-to-conveyancing,SRC003,2024 Prevention of Frauds amendment
01,01-introduction-to-conveyancing,SRC004,"Matrimonial rights, inheritance, and succession"
02,02-registration-of-documents,SRC005,Main Registration of Documents Ordinance source
02,02-registration-of-documents,SRC006,1990 amendment
02,02-registration-of-documents,SRC007,2011 amendment
02,02-registration-of-documents,SRC008,2013 amendment
02,02-registration-of-documents,SRC009,2022 amendment
02,02-registration-of-documents,SRC010,Registration regulations from RGD
02,02-registration-of-documents,SRC077,Registration of Old Deeds and Instruments Ordinance
02,02-registration-of-documents,SRC078,Sannases and Old Deeds Ordinance
02,02-registration-of-documents,SRC081,Registrar General's Department guides and forms
03,03-registration-of-title,SRC011,Main Registration of Title Act source
03,03-registration-of-title,SRC081,Registrar General's Department guides and forms
03,03-registration-of-title,SRC083,Registration of Title Gazette No. 1616/23
03,03-registration-of-title,SRC084,Registration of Title Gazette No. 1886/58
03,03-registration-of-title,SRC085,Registration of Title Gazette No. 1912/04
03,03-registration-of-title,SRC086,Registration of Title Gazette No. 2308/27
03,03-registration-of-title,SRC087,Registration of Title Gazette No. 1302/16 reference
04,04-condominium-property,SRC012,Main Apartment Ownership Law source
04,04-condominium-property,SRC013,Apartment Ownership Special Provisions Act
05,05-formation-of-deeds,SRC001,Prevention of Frauds Ordinance
05,05-formation-of-deeds,SRC002,Prevention of Frauds 2022 amendment
05,05-formation-of-deeds,SRC003,Prevention of Frauds 2024 amendment
05,05-formation-of-deeds,SRC004,Matrimonial Rights and Inheritance Ordinance
05,05-formation-of-deeds,SRC005,Registration of Documents Ordinance
05,05-formation-of-deeds,SRC009,Registration of Documents 2022 amendment
05,05-formation-of-deeds,SRC014,Notaries Ordinance
05,05-formation-of-deeds,SRC015,Notaries 2022 amendment
05,05-formation-of-deeds,SRC016,Notaries 2024 amendment
05,05-formation-of-deeds,SRC017,Powers of Attorney Ordinance
05,05-formation-of-deeds,SRC021,Land Restrictions on Alienation Act
05,05-formation-of-deeds,SRC022,Land Restrictions on Alienation 2018 amendment
05,05-formation-of-deeds,SRC023,Fragmentation law
05,05-formation-of-deeds,SRC024,Wills Ordinance
05,05-formation-of-deeds,SRC027,Partition Law
05,05-formation-of-deeds,SRC028,Rent Act
05,05-formation-of-deeds,SRC029,Evidence Ordinance
05,05-formation-of-deeds,SRC030,Civil Procedure Code
05,05-formation-of-deeds,SRC031,Companies Act
05,05-formation-of-deeds,SRC032,Companies Act Amendments
05,05-formation-of-deeds,SRC033,Land Reform Law
05,05-formation-of-deeds,SRC034,Stamp Duty Act
05,05-formation-of-deeds,SRC035,Western Province Financial Statute
05,05-formation-of-deeds,SRC070,Execution of Deeds Ordinance
06,06-drafting-and-instruments,SRC001,Prevention of Frauds Ordinance
06,06-drafting-and-instruments,SRC005,Registration of Documents Ordinance
06,06-drafting-and-instruments,SRC014,Notaries Ordinance
07,07-stamping-of-deeds,SRC011,Registration of Title Act
07,07-stamping-of-deeds,SRC012,Apartment Ownership Law
07,07-stamping-of-deeds,SRC034,Stamp Duty Act
07,07-stamping-of-deeds,SRC035,Western Province Financial Statute
07,07-stamping-of-deeds,SRC036,Provincial statutes and gazettes
07,07-stamping-of-deeds,SRC068,Stamp Duty (Special Provisions) Act
07,07-stamping-of-deeds,SRC069,Stamp Duty (Special Provisions) (Amendment) Act
08,08-duties-of-notary,SRC014,Notaries Ordinance
08,08-duties-of-notary,SRC015,Notaries 2022 amendment
08,08-duties-of-notary,SRC016,Notaries 2024 amendment
08,08-duties-of-notary,SRC081,Registrar General's Department guides and forms
09,09-examination-of-title,SRC004,Matrimonial Rights and Inheritance Ordinance
09,09-examination-of-title,SRC021,Land Restrictions on Alienation Act
09,09-examination-of-title,SRC022,Land Restrictions on Alienation 2018 amendment
09,09-examination-of-title,SRC023,Fragmentation law
09,09-examination-of-title,SRC030,Civil Procedure Code
09,09-examination-of-title,SRC031,Companies Act
09,09-examination-of-title,SRC032,Companies Act amendments
09,09-examination-of-title,SRC037,Revocation of Irrevocable Deeds of Gift Act
09,09-examination-of-title,SRC038,Land Registers (Reconstructed Folios) Act
09,09-examination-of-title,SRC039,Urban Development Authority Act
09,09-examination-of-title,SRC040,Surveyors Ordinance
09,09-examination-of-title,SRC041,Town and Country Planning Ordinance
09,09-examination-of-title,SRC042,Urban Councils Ordinance
09,09-examination-of-title,SRC043,Survey Act
09,09-examination-of-title,SRC044,Bank of Ceylon Ordinance
09,09-examination-of-title,SRC071,Prescription Ordinance
09,09-examination-of-title,SRC077,Registration of Old Deeds and Instruments Ordinance
09,09-examination-of-title,SRC078,Sannases and Old Deeds Ordinance
09,09-examination-of-title,SRC081,RGD guides and forms for land/title/notary workflows
09,09-examination-of-title,SRC082,Conveyancing institution source pack
09,09-examination-of-title,SRC090,CRS curriculum reference
10,10-special-laws,SRC045,Matrimonial Rights and Inheritance (Jaffna) Ordinance
10,10-special-laws,SRC046,Tesawalamai Pre-emption Ordinance
10,10-special-laws,SRC047,Kandyan Succession Ordinance
10,10-special-laws,SRC048,Muslim Intestate Succession Ordinance
11,11-temple-devala-nindagam-properties,SRC049,Buddhist Temporalities Ordinance
11,11-temple-devala-nindagam-properties,SRC072,Nindagama Lands Act
12,12-state-lands,SRC033,Land Reform Law
12,12-state-lands,SRC050,Land Development Ordinance
12,12-state-lands,SRC051,Land Acquisition Act
12,12-state-lands,SRC052,Land Grants (Special Provisions) Act
12,12-state-lands,SRC053,Definition of Boundaries Ordinance
12,12-state-lands,SRC054,Land Settlement Ordinance
12,12-state-lands,SRC055,Land Surveys Ordinance
12,12-state-lands,SRC056,State Lands Ordinance
12,12-state-lands,SRC057,State Lands (Claims) Ordinance
12,12-state-lands,SRC058,State Lands Encroachments Ordinance
12,12-state-lands,SRC072,Nindagama Lands Act
12,12-state-lands,SRC079,Lands Resumption Ordinance
13,13-power-of-attorney,SRC017,Powers of Attorney Ordinance
13,13-power-of-attorney,SRC018,2013 amendment
13,13-power-of-attorney,SRC019,2022 amendment
13,13-power-of-attorney,SRC020,2024 amendment
13,13-power-of-attorney,SRC081,Registrar General's Department guides and forms
14,14-last-wills,SRC024,Wills Ordinance
14,14-last-wills,SRC025,1993 amendment
14,14-last-wills,SRC026,2022 amendment
15,15-trust-deeds,SRC059,Trusts Ordinance
15,15-trust-deeds,SRC060,2018 amendment
16,16-local-authority-uda-regulations,SRC039,Urban Development Authority Act
16,16-local-authority-uda-regulations,SRC041,Town and Country Planning Ordinance
16,16-local-authority-uda-regulations,SRC042,Urban Councils Ordinance
16,16-local-authority-uda-regulations,SRC061,Municipal Councils Ordinance
16,16-local-authority-uda-regulations,SRC062,Pradeshiya Sabha Act
16,16-local-authority-uda-regulations,SRC063,Local authority by-laws and gazettes
16,16-local-authority-uda-regulations,SRC073,Local Authorities Housing Act
16,16-local-authority-uda-regulations,SRC075,National Housing Development Authority Act
16,16-local-authority-uda-regulations,SRC076,National Housing Act
16,16-local-authority-uda-regulations,SRC082,Conveyancing institution source pack
17,17-drafting-of-deeds,SRC001,Prevention of Frauds Ordinance
17,17-drafting-of-deeds,SRC002,Prevention of Frauds (Amendment) Act
17,17-drafting-of-deeds,SRC003,Prevention of Frauds (Amendment) Act
17,17-drafting-of-deeds,SRC005,Registration of Documents Ordinance
17,17-drafting-of-deeds,SRC011,Registration of Title Act
17,17-drafting-of-deeds,SRC012,Apartment Ownership Law
17,17-drafting-of-deeds,SRC013,Apartment Ownership (Special Provisions) Act
17,17-drafting-of-deeds,SRC014,Notaries Ordinance
17,17-drafting-of-deeds,SRC017,Powers of Attorney Ordinance
17,17-drafting-of-deeds,SRC019,Powers of Attorney 2022 amendment
17,17-drafting-of-deeds,SRC020,Powers of Attorney 2024 amendment
17,17-drafting-of-deeds,SRC024,Wills Ordinance
17,17-drafting-of-deeds,SRC027,Partition Law
17,17-drafting-of-deeds,SRC028,Rent Act
17,17-drafting-of-deeds,SRC030,Civil Procedure Code
17,17-drafting-of-deeds,SRC034,Stamp Duty Act
17,17-drafting-of-deeds,SRC037,Revocation of Irrevocable Deeds of Gift Act
17,17-drafting-of-deeds,SRC064,Mortgage Act
17,17-drafting-of-deeds,SRC065,Partnership-related law
17,17-drafting-of-deeds,SRC070,Execution of Deeds Ordinance
17,17-drafting-of-deeds,SRC074,State Mortgage and Investment Bank Law
17,17-drafting-of-deeds,SRC077,Registration of Old Deeds and Instruments Ordinance
17,17-drafting-of-deeds,SRC078,Sannases and Old Deeds Ordinance
17,17-drafting-of-deeds,SRC080,People's Bank Act
17,17-drafting-of-deeds,SRC081,Registrar General's Department guides and forms
18,18-other-related-statutory-laws,SRC070,Execution of Deeds Ordinance
18,18-other-related-statutory-laws,SRC071,Prescription Ordinance
18,18-other-related-statutory-laws,SRC072,Nindagama Lands Act
18,18-other-related-statutory-laws,SRC073,Local Authorities Housing Act
18,18-other-related-statutory-laws,SRC074,State Mortgage and Investment Bank Law
18,18-other-related-statutory-laws,SRC075,National Housing Development Authority Act
18,18-other-related-statutory-laws,SRC076,National Housing Act
18,18-other-related-statutory-laws,SRC077,Registration of Old Deeds and Instruments Ordinance
18,18-other-related-statutory-laws,SRC078,Sannases and Old Deeds Ordinance
18,18-other-related-statutory-laws,SRC079,Lands Resumption Ordinance
18,18-other-related-statutory-laws,SRC080,People's Bank Act
19,19-case-law-on-conveyancing,SRC066,New Law Reports
19,19-case-law-on-conveyancing,SRC067,Sri Lanka Law Reports
19,19-case-law-on-conveyancing,SRC089,Conveyancing case-law topic-index structure
20,20-criminal-and-civil-liabilities-of-notaries,SRC011,Registration of Title Act
20,20-criminal-and-civil-liabilities-of-notaries,SRC012,Apartment Ownership Law
20,20-criminal-and-civil-liabilities-of-notaries,SRC014,Notaries Ordinance
20,20-criminal-and-civil-liabilities-of-notaries,SRC015,Notaries 2022 amendment
20,20-criminal-and-civil-liabilities-of-notaries,SRC016,Notaries 2024 amendment
20,20-criminal-and-civil-liabilities-of-notaries,SRC021,Land Restrictions on Alienation Act
20,20-criminal-and-civil-liabilities-of-notaries,SRC022,Land (Restrictions on Alienation) (Amendment) Act
20,20-criminal-and-civil-liabilities-of-notaries,SRC023,Fragmentation law
20,20-criminal-and-civil-liabilities-of-notaries,SRC033,Land Reform Law
20,20-criminal-and-civil-liabilities-of-notaries,SRC034,Stamp Duty Act
20,20-criminal-and-civil-liabilities-of-notaries,SRC035,Western Province Financial Statute
20,20-criminal-and-civil-liabilities-of-notaries,SRC036,Provincial Financial Statutes
20,20-criminal-and-civil-liabilities-of-notaries,SRC049,Buddhist Temporalities Ordinance
20,20-criminal-and-civil-liabilities-of-notaries,SRC050,Land Development Ordinance
20,20-criminal-and-civil-liabilities-of-notaries,SRC068,Stamp Duty (Special Provisions) Act
20,20-criminal-and-civil-liabilities-of-notaries,SRC069,Stamp Duty (Special Provisions) (Amendment) Act
