topic_id,slug,name,n_sources,source_ids,keywords
01,01-introduction-to-conveyancing,Introduction to Conveyancing,4,SRC001;SRC002;SRC003;SRC004,introduction to conveyancing;introductory;duties;immovable-property;modes;acquisition;pedigree;charts;inheritance;succession
02,02-registration-of-documents,Registration of Documents,9,SRC005;SRC006;SRC007;SRC008;SRC009;SRC010;SRC077;SRC078;SRC081,registration of documents;documentary;land;registries;proper;folios;notices;certified;copies;refusal
03,03-registration-of-title,Registration of Title,7,SRC011;SRC081;SRC083;SRC084;SRC085;SRC086;SRC087,registration of title;initial;compilation;dispute;resolution;examination;transactions;transmission;rectification;strata
04,04-condominium-property,Condominium Property,2,SRC012;SRC013,condominium property;plans;registration;amendments;common;elements;unit;transfers;damage;destruction
05,05-formation-of-deeds,Formation of Deeds,24,SRC001;SRC002;SRC003;SRC004;SRC005;SRC009;SRC014;SRC015;SRC016;SRC017;SRC021;SRC022;SRC023;SRC024;SRC027;SRC028;SRC029;SRC030;SRC031;SRC032;SRC033;SRC034;SRC035;SRC070,formation of deeds;requisites;necessary;parties;executants;capacity;authority;statutory;restrictions;affecting
06,06-drafting-and-instruments,Drafting and Study of Instruments,3,SRC001;SRC005;SRC014,drafting and study of instruments;parts;rules;sample;drafts;statutory;requirements;valid
07,07-stamping-of-deeds,Stamping of Deeds,7,SRC011;SRC012;SRC034;SRC035;SRC036;SRC068;SRC069,stamping of deeds;stamp-duty;interpretation;chargeability;exemptions;liability;computation;valuation;payment;registration
08,08-duties-of-notary,Duties of a Notary,4,SRC014;SRC015;SRC016;SRC081,duties of a notary;appointment;oaths;enrolment;annual;certificates;office;rules;delivery;duplicates
09,09-examination-of-title,Examination of Title,21,SRC004;SRC021;SRC022;SRC023;SRC030;SRC031;SRC032;SRC037;SRC038;SRC039;SRC040;SRC041;SRC042;SRC043;SRC044;SRC071;SRC077;SRC078;SRC081;SRC082;SRC090,examination of title;land;search;documents;examine;checklist;pedigree;report;abstract
10,10-special-laws,Special Laws,4,SRC045;SRC046;SRC047;SRC048,special laws;thesawalamai;muslim;kandyan;succession;rules;affecting;property;inheritance
11,11-temple-devala-nindagam-properties,"Temple, Devala, Nindagam, Sangika, and Pudgalika Properties",2,SRC049;SRC072,"temple, devala, nindagam, sangika, and pudgalika properties;temple;devala;nindagam;sangika;property;controls;special;rules;affecting"
12,12-state-lands,State Lands,12,SRC033;SRC050;SRC051;SRC052;SRC053;SRC054;SRC055;SRC056;SRC057;SRC058;SRC072;SRC079,state lands;state-land;grants;acquisition;settlement;surveys;claims;boundaries;encroachments
13,13-power-of-attorney,Power of Attorney,5,SRC017;SRC018;SRC019;SRC020;SRC081,power of attorney;drafting;registration;cancellation;revocation;powers;conveyancing;transactions
14,14-last-wills,Last Wills,3,SRC024;SRC025;SRC026,last wills;codicils;testamentary;disposition;drafting;checklist;work
15,15-trust-deeds,Trust Deeds,2,SRC059;SRC060,trust deeds;statutory;checks
16,16-local-authority-uda-regulations,"Local Authority, UDA, and Other Regulations",10,SRC039;SRC041;SRC042;SRC061;SRC062;SRC063;SRC073;SRC075;SRC076;SRC082,"local authority, uda, and other regulations;authority;ownership;registration;survey-plan;approvals;planning;clearances;area-specific;by-laws"
17,17-drafting-of-deeds,Drafting of Deeds,25,SRC001;SRC002;SRC003;SRC005;SRC011;SRC012;SRC013;SRC014;SRC017;SRC019;SRC020;SRC024;SRC027;SRC028;SRC030;SRC034;SRC037;SRC064;SRC065;SRC070;SRC074;SRC077;SRC078;SRC080;SRC081,drafting of deeds;types;transfers;condominium;executor;conveyances;administrator;gifts;mortgage;bonds
18,18-other-related-statutory-laws,Other Related Statutory Laws,11,SRC070;SRC071;SRC072;SRC073;SRC074;SRC075;SRC076;SRC077;SRC078;SRC079;SRC080,other related statutory laws;parking;additional;statutes;discovered;case;files;title;reports;lecturer
19,19-case-law-on-conveyancing,Case Law on Conveyancing,3,SRC066;SRC067;SRC089,case law on conveyancing;topic-wise;case-law;index;tracking;reports;lanka;accepted;legal-report
20,20-criminal-and-civil-liabilities-of-notaries,Criminal and Civil Liabilities of Notaries,16,SRC011;SRC012;SRC014;SRC015;SRC016;SRC021;SRC022;SRC023;SRC033;SRC034;SRC035;SRC036;SRC049;SRC050;SRC068;SRC069,criminal and civil liabilities of notaries;liability;provisions;affecting;across;stamp;duty;financial;statutes;apartment
