sample_id,case_id,case_citation,case_title,source_id,statute_title,section,confidence,confidence_label,evidence_snippet,extraction_status,lawyer_decision,lawyer_notes,reviewed_by,reviewed_at
VERIFY-001,commonlii-LKCA-1933-8,35 NLR 329,Appuhamy v. Appuhamy - NLR - 329 of 35 [1933] LKCA 8; (1933) 35 NLR 329 (7 December 1933),SRC005,Registration of Documents Ordinance,18,1.00,explicit,".P J. and Poyser J. APPUHAMY v. APPUHAMY. 5-D. C. Kurunegala, 15,311. Bill of sale-Deed of gift of stock-in-trade and good will-No delivery-Registration-Ordinance No. 23 of 1927, ss. 17 and 18. A deed of gift of the stock-in-trade and good will of a business is a bill of sale within the meaning of section 17 of the Registration of Documents Ordinance. A PPEAL from a jud",unverified,,,,
VERIFY-002,commonlii-LKCA-1958-14,60 NLR 276,Vajirawansa Thero v. Abraham Silva - NLR - 276 of 60 [1958] LKCA 14; (1958) 60 NLR 276 (21 March 1958),SRC049,Buddhist Temporalities Ordinance,41,1.00,explicit,"ly that a dedication took place in 1930. It is common ground that preparations for such a dedication were put in hand and that the permission of the Governor (then necessary under section 41 of the Buddhist Temporalities Ordinance, 1906) was sought to enable the Society to transfer the temple property to Dhamma Kusala. The necessary licence from the Governor was howev",unverified,,,,
VERIFY-003,commonlii-LKCA-1943-22,44 NLR 330,Sokalingam Chetty v. Kalimuttu Chetty - NLR - 330 of 44 [1943] LKCA 22; (1943) 44 NLR 330 (9 April 1943),SRC030,Civil Procedure Code,237,1.00,explicit,"tingent, past, present, or future, to, in or over land, or which create or record or are evidence of any contract for effecting any such object, and also a notice or seizure under section 237 of the Civil Procedure Code."" The resulting position is that, today, "" decrees and orders of any court or authority "" are registrable instruments if they purport or operate to cre",unverified,,,,
VERIFY-004,commonlii-LKCA-1903-49,7 NLR 339,Kanappa Chetty v. Walathappa Chetty - NLR - 339 of 7 [1903] LKCA 49; (1903) 7 NLR 339 (26 February 1903),SRC029,Evidence Ordinance,342,1.00,explicit,"he property in 1890, indicate-when translated' or interpreted-that he bought- only as their accredited agent, and that they themselves with others were the real' vendees. The 98th section 342 of the Evidence Ordinance admits evidence "" to show the meaning of.......not commonly intelligible characters, of technical, local, and provincial expressions, of abbreviations, a",unverified,,,,
VERIFY-005,commonlii-LKCA-1926-37,27 NLR 459,Michelin & Co v. Don Leo - NLR - 459 of 27 [1926] LKCA 37; (1926) 27 NLR 459 (4 May 1926),SRC071,Prescription Ordinance,14,1.00,explicit,"e question : When a foreign company can be said to be resident within the Island so as to disentitle it to the disability of "" absence beyond the seas "" under section 15 read with section 14 of the Prescription Ordinance, 1871. The plaintiff-A. Michelin & Co.-is a joint Stock Company (Societe Anonyme) with its head office in France. It sued the defendant in this case",unverified,,,,
VERIFY-006,commonlii-LKCA-1912-73,15 NLR 466,Mohammed Bhoy Et Al. v. Lebbe Marikar Et Al. - NLR - 466 of 15 [1912] LKCA 73; (1912) 15 NLR 466 (22 July 1912),SRC001,Prevention of Frauds Ordinance,2,1.00,explicit,"rried in community buys property in his name, a half of the property vests in the wife by operation of law on the death of the husband. In Cantlay v. Elkington, 1 it was held that section 2 of Ordinance No. 7 of 1840 does not apply to the division of property in community, which takes place by operation of law and not by convention of parties. The only question for u",unverified,,,,
VERIFY-007,commonlii-LKCA-1956-23,57 NLR 562,Urban Council of Dehiwela Mount Lavinia Et Al. v. Andy Silva - NLR - 562 of 57 [1956] LKCA 23; (1956) 57 NLR 562 (3 July 1956),SRC042,Urban Councils Ordinance,183(1),1.00,explicit,"urpose of discharging the duties enumerated under section 47. Besides that, section 48 was enacted without prejudice to any other powers specially conferred upon an Urban Council. Section 183 (1) of the Urban Councils Ordinance read with section 146 (1) of the Municipal Councils Ordinance (Cap. 193) in my view confers a special power on an Urban Council to sell property pu",unverified,,,,
VERIFY-008,commonlii-LKCA-1926-38,28 NLR 97,Punchi Hamine v. Ukku Menika - NLR - 97 of 28 [1926] LKCA 38; (1926) 28 NLR 97 (7 September 1926),SRC059,Trusts Ordinance,118,1.00,explicit,"donor. In my view of the case the cause of action is therefore not prescribed. In considering this ground of appeal it is not necessary in my opinion to consider the provisions of section 118 of the Trusts Ordinance, 1917. No argument was addressed to us on the point, and any reliance upon the section, from its very terms, would require very careful consideration. With",unverified,,,,
VERIFY-009,commonlii-LKCA-1969-16,72 NLR 426,Joseph v. Thiruchelvam - NLR - 426 of 72 [1969] LKCA 16; (1969) 72 NLR 426 (11 October 1969),SRC064,Mortgage Act,50(3),1.00,explicit,"of the balance purchase money, without notice to the 1st, 2nd, 3rd and 4th defendants who were the owners of the property mortgaged. It was submitted for the purchaser that under section 50 (3) of the Mortgage Act, Chapter 89, the Court had power to alter the earlier directions given to the Fiscal. Conditions of Sale are prescribed by the Court before a sale takes place,",unverified,,,,
VERIFY-010,commonlii-LKCA-1998-6,(1998) 3 Sri LR 19,"Sirinatha v. Sirisena and Others - SLR - 19, Vol 3 of 1998 [1998] LKCA 6; (1998) 3 Sri LR 19 (8 October 1998)",SRC027,Partition Law,69(1),1.00,explicit,pt the submission of counsel that the 3rd defendant-respondent Jayasiri has a prima facie interest in the land and that he is therefore entitled to be added as a party in terms of section 69 (1)(b) of the Partition Law as one claiming an 'interest in the land'. Admittedly Jayasiri claims to have a contingent interest in the land upon deed No. 406 dated 19.10.93. But there,unverified,,,,
VERIFY-011,commonlii-LKCA-1913-85,16 NLR 481,Daniel v. Silva - NLR - 481 of 16 [1913] LKCA 85; (1913) 16 NLR 481 (14 November 1913),SRC078,Sannases and Old Deeds Ordinance,7,1.00,explicit,"ction (D. C. Kandy, No. 32,985) brought against him by a predecessor in title of the defendant-respondent, which had been disposed .1 before January 1, 1868, the date at which, by section 7 of Ordinance No. 6 of 1866, it was necessary that all old deeds of the class to which it belongs should be registered. In support of that contention Mr. Tambyah referred me to 305",unverified,,,,
VERIFY-012,commonlii-LKCA-1913-89,16 NLR 117,Mudiyanse v. Appuhamy - NLR - 117 of 16 [1913] LKCA 89; (1913) 16 NLR 117 (28 February 1913),SRC004,Matrimonial Rights and Inheritance Ordinance,2,1.00,explicit,dyan father by Low-country Sinhalese woman-Domicil as a teat on questions relating to applicability of Kandyan law-Rule of law as to nationality of wife or child- Applicability of section 2 of Ordinance No. 15 of 1876 to union between Kandyan and Low-country Sinhalese woman. The offspring of a Kandyan father by a Low-country Sinhalese woman cannot be regarded as a Ka,unverified,,,,
VERIFY-013,commonlii-LKCA-2003-47,(2003) 3 Sri LR 49,"Hewage v. Weerasena and Others - SLR - 49, Vol 3 of 2003 [2003] LKCA 47; (2003) 3 Sri LR 49 (27 October 2003)",SRC051,Land Acquisition Act,48(g),1.00,explicit,ther section 48(e) of the Land Acquisition Act requires to take into account any decrease in value due to the reason of the use to it will be put after its acquisition. h. Whether section 48(g) of the Land Acquisition Act requires the valuer to disregard only any increases due to circumstances envisaged therein or does it require total disregardment of the purpose for wh,unverified,,,,
VERIFY-014,commonlii-LKSC-1987-2,(1987) 2 Sri LR 260,"Ratwatte v. Goonesekera - SLR - 260, Vol 2 of 1987 [1987] LKSC 2; (1987) 2 Sri LR 260 (26 May 1987)",SRC031,Companies Act,182(1),1.00,explicit,"d shall not be of the nature of immovable property"" Our Company's Ordinance is based on the English Company Law. The English provision corresponding to the aforesaid section 63 is section 182 (1) of the Companies Act of 1929 which provides that shares are personal estate and not reality; shares are certainly not tangible chattels and when our section 63 provides that share",unverified,,,,
VERIFY-015,commonlii-LKSC-1998-61,(1998) 2 Sri LR 41,"Jiffry v. Esufali - SLR - 41, Vol 2 of 1998 [1998] LKSC 61; (1998) 2 Sri LR 41 (17 March 1998)",SRC028,Rent Act,22(2),1.00,explicit,"140/97 CA APPEAL NO. 95/94(F) DC MT. LAVINIA NO. 2516/RE JANUARY 13TH, FEBRUARY 2ND AND 16TH AND MARCH 3, 1998. Rent and ejectment - Recovery of residential premises - Rent Act - Section 22 (2) (bb) (ii) - Prohibition against recovery in section 22 (7) - Right of the Landlord who acquires ownership of the premises after the commencement of the tenancy with defendant. The",unverified,,,,
VERIFY-016,commonlii-LKCA-1981-34,(1981) 2 Sri LR 74,"Saleem v. Balakumar - SLR - 74, Vol 2 of 1981 [1981] LKCA 34; (1981) 2 Sri LR 74 (13 August 1981)",SRC001,Prevention of Frauds Ordinance,29(2),0.80,same_sentence,"ion at this stage. Though this is not a binding opinion, Rustomjee's exposition of the Rent Act, No. 7 of 1972, has expressed the view at page 80 that the agreement referred to in section 29 (2) must comply with the provisions of section 2 of the Prevention of Frauds Ordinance in order to bind the tenant with regard to his obligations to vacate the premises. We are of the",unverified,,,,
VERIFY-017,commonlii-LKCA-1968-34,71 NLR 217,Sawdoon Umma v. Fernando - NLR - 217 of 71 [1968] LKCA 34; (1968) 71 NLR 217 (11 October 1968),SRC064,Mortgage Act,30,0.80,same_sentence,", J. SAWDOON UMMA (d/o Tamby Raja) and others, Appellants, and FELIX H. G. FERNANDO and others, Respondents S. C. 328/65-D. C. Kandy, 3487/MB Debt Conciliation Ordinance (Cap. 81)-Sections 30, 40 (1), 43 (1) and (2), 44-Settle-ment of a mortgage debt-Failure of the debtor to carry out the terms of the settlement-Procedure thereafter-Incapacity of Court to enter a hypothecary decree in",unverified,,,,
VERIFY-018,commonlii-LKCA-1967-40,70 NLR 328,Johanahamy v. Susiripala - NLR - 328 of 70 [1967] LKCA 40; (1967) 70 NLR 328 (3 December 1967),SRC029,Evidence Ordinance,64,0.80,same_sentence,"nd Samerawickreme, J. G. JOHANAHAMY and 3 others, and K. W. SUSIRIPALA, Respondent S. C. 46/64-D. C. Galle, 6708/L (N) Debt Conciliation Ordinance, as amended by Act No. 5 of 1959-Sections 30, 40, 43, 56, 64-Conditional transfer of immovable property-Limited extent to which it is deemed to be a "" mortgage ""-Evidence Ordinance, s. 92-Prevention of Frauds Ordinance, s. 2. A debt, in res",unverified,,,,
VERIFY-019,commonlii-LKSC-1989-11,(1989) 1 Sri LR 155,"Science House (Ceylon) Limited. v. I. P. A. Laboratories Private Limited. - SLR - 155, Vol 1 of 1989 [1989] LKSC 11; (1989) 1 Sri LR 155 (20 January 1989)",SRC030,Civil Procedure Code,34(1),0.80,same_sentence,. Whether the provisions for the institution of proceedings by way of summary procedure under Chapter 53 of the Civil Procedure Code- permit an affidavit authenticated in terms of Section 34 (1) of the Companies Ordinance being admitted as fulfilling the requirements of Section 705 (1) of the Civil Procedure Code. In the District Court and the Court of Appeal and also bef,unverified,,,,
VERIFY-020,commonlii-LKCA-2002-93,(2003) 3 Sri LR 295,"Bandaranayake v. Karunawathie - SLR - 295, Vol 3 of 2003 [2002] LKCA 93; (2003) 3 Sri LR 295 (2 August 2002)",SRC050,Land Development Ordinance,63,0.80,same_sentence,said last will marked V3 signed by the testator and two witnesses before a Justice of the Peace. Further there is no evidence forthcoming to establish that provisions contained in section 63 onwards in the Land Development Ordinance dealing with nomination and cancellation by last will of the permit-holder has been complied with. Another matter that was raised by the,unverified,,,,
VERIFY-021,commonlii-LKSC-1987-22,(1988) 1 Sri LR 25,"Ghouse v. Ghouse - SLR - 25, Vol 1 of 1988 [1987] LKSC 22; (1988) 1 Sri LR 25 (16 December 1987)",SRC048,Muslim Intestate Succession Ordinance,6(3),0.80,same_sentence,"21/75(F). D. C. MT LAVINIA No 26908/T NOVEMBER 9, 10 AND 11, 1987 Muslim Law-Muslim intestate succession-Adoption by a Muslim couple--adoption of Children Ordinance No- 24 of 1941 s. 6(3)-Muslim Intestate Succession Ordinance No. 10 of 1931-Special law and general law- Generalia specialibus non derogant. Is a child adopted under the provisions of the Adoption Ordin",unverified,,,,
VERIFY-022,commonlii-LKCA-1959-52,63 NLR 97,Davoodbhoy v. Farook - NLR - 97 of 63 [1959] LKCA 52; (1959) 63 NLR 97 (23 October 1959),SRC071,Prescription Ordinance,3,0.80,same_sentence,"on for thirty years of any immovable property by any person, claiming the same, or by those under whom he claims, shall be taken as conclusive proof of title in manner provided by section 3 of this Ordinance, notwithstanding the disability of any adverse claimant "" It has been held by a Bench of three Judges in the case of Gassim v. Dingihamy[1 (1906) 9 N. L. R. 257.",unverified,,,,
VERIFY-023,commonlii-LKCA-1997-73,(1997) 2 Sri LR 173,"Land Reform Commission v. Hussain and Others - SLR - 173, Vol 2 of 1997 [1997] LKCA 73; (1997) 2 Sri LR 173 (24 January 1997)",SRC033,Land Reform Law,21(4),0.80,same_sentence,"eared by the passing of Act, No. 14 of 1986 which confirmed (i) said above. (iv) Even if section 21 of Act No. 39 of 1981 were to apply to the case in hand under the provisions of section 21(4) the land acquired was handed over to National Agricultural Diversification and Settlement Authority (NADSA) and therefore only compensation under the provisions of the Land Reform",unverified,,,,
VERIFY-024,commonlii-LKSC-1965-10,68 NLR 17,Don Sadiris.L v. Heenhamy.L - NLR - 17 of 68 [1965] LKSC 10; (1965) 68 NLR 17 (20 July 1965),SRC005,Registration of Documents Ordinance,12,0.80,same_sentence,"mmons, etc., should be issued. In both these sections there is no reference to ' due registration '. In the case of partition actions filed under the old Ordinance No. 10 of 1863, Section 12, sub-section (1), of the Registration of Documents Ordinance, provided that summons should not be issued unless and until the action has been duly registered as a lis pendens. In",unverified,,,,
VERIFY-025,commonlii-LKCA-1933-17,34 NLR 296,Silva v. Caruppen Chettiar - NLR - 296 of 34 [1933] LKCA 17; (1933) 34 NLR 296 (27 February 1933),SRC030,Civil Procedure Code,297,0.55,nearest_unique,"e-holder, in whose favour an order for credit to the extent of his claim was made, was represented at the sale by an agent, who bid a sum of Rs. 3,950 for the property. The Fiscal's 297 Officer then inquired from the agent whether he was prepared to deposit one - fourth of the purchase money and poundage, whereupon the latter stated that he had brought no money f",unverified,,,,
VERIFY-026,commonlii-LKCA-1958-18,59 NLR 313,Ladamuttu Pillai v. Attorney General - NLR - 313 of 59 [1958] LKCA 18; (1958) 59 NLR 313 (31 January 1958),SRC050,Land Development Ordinance,3(4),0.55,nearest_unique,"tatutory duties and functions. The fact that the Minister has "" general direction and control "" does not absolve the Land Commissioner in the performance of his duties. (iii) that section 3 (4) of the Land Redemption Ordinance does not preclude a person from challenging in a regular action the legality of the determination of the Land Commissioner to acquire a land. (iv)",unverified,,,,
VERIFY-027,commonlii-LKCA-1975-19,78 NLR 213,Jayatunga v. Rosalinahamy - NLR - 213 of 78 [1975] LKCA 19; (1975) 78 NLR 213 (22 October 1975),SRC028,Rent Act,18,0.55,nearest_unique,"NLR 155 dealing with long leases granted by fiduciaries. He submitted that as there was no provision in the Rent Restriction Act dealing with the death of the landlord similar to Section 18 dealing with the death of the tenant, the common law as stated in these cases must apply and the Defendant must be ejected from the premises. He also submitted that Section 13 of",unverified,,,,
VERIFY-028,commonlii-LKCA-1927-30,29 NLR 65,Narayanan Chetty v. James Finlay & Co. - NLR - 65 of 29 [1927] LKCA 30; (1927) 29 NLR 65 (8 June 1927),SRC059,Trusts Ordinance,109,0.55,nearest_unique,"ts extinction. Rescission of contract even if the contract was one coming within the Statute of Frauds can, as in the case of performance, be proved by oral evidence. 27 Hals. 64, ss. 108, 109. A lease, for instance, though required to be notarially executed can be orally surrendered. Isohamy v. Appuhamy, 1 Soysa v. Soysa. 8 Equitable rights are exempt from section 92 o",unverified,,,,
VERIFY-029,commonlii-LKSC-1906-3,8 NLR 300,In the Matter of the Election of A Councillor Foe the Galupiadda Ward of the Galle Municipality. - NLR - 300 of 8 [1906] LKSC 3; (1906) 8 NLR 300 (25 November 1906),SRC061,Municipal Councils Ordinance,41,0.55,nearest_unique,"n an appropriate case. Where an office which it is sought to vacate is already. filled, the appropriate remedy is a mandate in the nature of quo warranto and not a mandamus. Under section 41 of Ordinance 7 of 1887 it is necessary, for the purpose of the name of a candidate being put upon the list of those qualified to be elected, that he should be duly qualified to be",unverified,,,,
VERIFY-030,commonlii-LKSC-1988-6,(1988) 1 Sri LR 78,"Wahab v. Jayah - SLR - 78, Vol 1 of 1988 [1988] LKSC 6; (1988) 1 Sri LR 78 (13 January 1988)",SRC029,Evidence Ordinance,10,0.55,nearest_unique,"enant of excess house of landlord vested in the Commissioner of National Housing - Can property vested be disposed by agreement to sell? - Estoppel - Eviction by title paramount - S. 10 and 11(1) of Ceiling on Housing Property Law No. 1 of 1973 - Evidence Ordinance, s. 116. The premises occupied by the tenant (defendant) being an excess house of the owner were vested in th",unverified,,,,
