statute_name,act_code,lawlanka_title,note
abolition of fideicommissa and entails act,1981Y4V80C,abolition of fideicommissa,"LawLanka lists the short title without ""and entails""; same enactment."
business names registration ordinance,2001Y6V149C,business names,"LawLanka lists it as ""business names""."
ceiling on housing property law,1981Y12V339C,ceiling on housing property,"Principal law; the 1988 amendment (1988Y0V0C80A) is a separate entry."
courts ordinance,,,"REPEALED - absent from a consolidation of in-force law. Superseded by the Judicature Act (1981Y1V17C). Needs an official PDF (Phase 4), not LawLanka."
land redemption ordinance,,,"REPEALED - no ""redemption"" entry in the consolidation. Needs an official PDF (Phase 4)."
waste lands ordinance,,,"REPEALED - no ""waste"" entry in the consolidation. Needs an official PDF (Phase 4)."
british courts probates (re-sealing) ordinance,,,"REPEALED - no re-sealing entry; ""foreign probates"" (2001Y4V99C) is a different instrument. Needs an official PDF (Phase 4)."
Companies Act,2007Y0V0C7A,companies act,"Ours is No. 7 of 2007. The bare ""companies"" entry (1982Y0V0C17A) is the superseded Companies Act No. 17 of 1982."
State Lands Ordinance,1981Y11V286C,state lands,"Ours is No. 8 of 1947, renamed from Crown Lands. The ""crown lands"" entries sit in the 1956 revised-version namespace."
Western Province Financial Statute,,,"Provincial council statute - the national consolidation has no ""western province"" or ""financial statute"" entry. Needs the provincial gazette (Phase 4)."
