identifier,title,year,conveyancing_hits,top_topics,t_prescription,t_servitudes,t_fidei_commissum,t_deeds_instruments,t_notaries_attestation,t_partition,t_gift,t_mortgage,t_sale_vendor_purchaser,t_title_ownership,t_co_ownership,t_trusts,t_wills,t_power_of_attorney,t_state_land,t_registration
cu31924084191414,Court of appeal cases of Ceylon; being reports of cases decided by the,1913,3594,deeds_instruments:923; title_ownership:782; mortgage:368; registration:336,113,17,38,923,76,136,198,368,309,782,85,53,133,27,0,336
cu31924084191398,The Ceylon Law reports : being reports of cases decided by the Supreme,1892,2789,title_ownership:840; mortgage:534; deeds_instruments:424; wills:281,106,2,2,424,71,24,74,534,149,840,35,59,281,82,10,96
cu31924025018379,Reports of cases argued and determined in the Supreme Court of Ceylon ,1884,1926,mortgage:759; title_ownership:323; deeds_instruments:277; gift:117,61,85,1,277,27,0,117,759,82,323,24,52,45,15,3,55
reportscasesarg00srgoog,Reports of Cases Argued and Determined in the Supreme Court of Ceylon:,1884,1849,mortgage:722; title_ownership:312; deeds_instruments:264; gift:115,57,80,1,264,27,0,115,722,82,312,21,49,45,15,3,56
cu31924024946133,"A digest of the decisions of the Supreme court sitting at Colombo, sin",1862,1697,title_ownership:600; deeds_instruments:337; mortgage:277; prescription:139,139,0,0,337,64,12,36,277,74,600,2,24,88,29,0,15
judgmentsotherde00ceyliala,Judgments and other decisions and directions of the Supreme Court of t,1839,1508,title_ownership:558; deeds_instruments:427; mortgage:164; prescription:82,82,0,0,427,61,0,27,164,39,558,4,38,65,16,0,27
cu31924084191372,The Ceylon Law reports : being reports of cases decided by the Supreme,1892,1494,mortgage:353; title_ownership:297; wills:218; deeds_instruments:151,59,0,6,151,86,43,36,353,89,297,5,44,218,55,0,52
reportsimportan01ceylgoog,Reports of Important Cases Heard and Determined by the Supreme Court o,1878,1436,mortgage:408; title_ownership:261; deeds_instruments:242; wills:120,58,1,3,242,30,21,47,408,69,261,3,34,120,28,14,97
newlawreports00appegoog,The New Law Reports,1896,1359,title_ownership:345; deeds_instruments:218; mortgage:193; power_of_attorney:99,27,15,23,218,19,80,10,193,64,345,27,73,77,99,10,79
cu31924084191380,The Ceylon Law reports : being reports of cases decided by the Supreme,1892,1285,mortgage:346; title_ownership:288; deeds_instruments:163; registration:109,30,2,5,163,0,7,106,346,63,288,4,35,66,58,3,109
cu31924084199672,"The appeal reports for 1872, being reports of cases argued and determi",1872,998,title_ownership:248; mortgage:225; deeds_instruments:136; wills:72,62,12,11,136,26,7,49,225,52,248,12,23,72,9,17,37
reportsimportan02ceylgoog,Reports of Important Cases Heard and Determined by the Supreme Court o,1881,962,mortgage:196; wills:172; title_ownership:141; deeds_instruments:106,46,34,0,106,61,1,20,196,95,141,2,43,172,35,1,9
cu31924071251072,Reports of important cases heard and determined by the Supreme court o,1878,961,mortgage:194; wills:165; title_ownership:139; deeds_instruments:106,47,33,0,106,62,1,22,194,102,139,2,43,165,35,1,9
cu31924071251064,Reports of important cases heard and determined by the Supreme court o,1878,936,title_ownership:242; deeds_instruments:228; mortgage:179; wills:68,29,41,0,228,10,0,20,179,19,242,3,44,68,44,4,5
reportsimportan03ceylgoog,Reports of Important Cases Heard and Determined by the Supreme Court o,1880,934,title_ownership:241; deeds_instruments:229; mortgage:177; wills:68,29,40,0,229,10,0,16,177,17,241,3,43,68,46,5,10
cu31924025025408,"Supreme court decisions in appeal during 1899, with index",1900,719,title_ownership:203; partition:106; deeds_instruments:85; mortgage:59,16,14,7,85,49,106,27,59,36,203,28,7,20,51,0,11
reportsimportan00ceylgoog,Reports of Important Cases Heard and Determined by the Supreme Court o,1884,689,title_ownership:201; mortgage:129; deeds_instruments:97; wills:54,47,3,0,97,37,41,35,129,6,201,1,2,54,12,9,15
leaderlawreport00courgoog,"""Leader law reports"" being reports of current decisions of the ..., Vo",1907,649,deeds_instruments:196; title_ownership:155; gift:74; mortgage:44,18,0,13,196,10,40,74,44,14,155,3,4,28,23,1,26
supremecourtrep01courgoog,The Supreme Court Reports,1894,555,title_ownership:182; mortgage:157; deeds_instruments:85; wills:27,12,13,0,85,11,2,5,157,13,182,7,2,27,27,0,12
cu31924084199680,"The appeal reports for 1872, being reports of cases argued and determi",1872,503,mortgage:102; title_ownership:97; deeds_instruments:74; notaries_attestation:43,35,4,0,74,43,19,37,102,15,97,3,16,27,11,2,18
tdl.35083-the-ceylon-law-recorder,இதழ் - The Ceylon Law Recorder,,0,,0,0,0,0,0,0,0,0,0,0,0,0,0,0,0,0
tdl.45524-reports-of-cases-argued-and-determined-in-the-supreme-court-of-ceylon-,நூல் - Reports of Cases Argued and Determined in the Supreme Court of ,,0,,0,0,0,0,0,0,0,0,0,0,0,0,0,0,0,0
tdl.45563-reports-of-important-cases-heard-and-determined-by-the-supreme-court-o,நூல் - Reports of Important Cases Heard and Determined by the Supreme ,,0,,0,0,0,0,0,0,0,0,0,0,0,0,0,0,0,0
tdl.45565-reports-of-important-cases-heard-and-determined-by-the-supreme-court-o,நூல் - Reports of Important Cases Heard and Determined by the Supreme ,,0,,0,0,0,0,0,0,0,0,0,0,0,0,0,0,0,0
tdl.45575-the-ceylon-law-reports-being-reports-of-cases-decided-by-the-supreme-c,நூல் - The Ceylon Law reports  : Being reports of cases decided by the,,0,,0,0,0,0,0,0,0,0,0,0,0,0,0,0,0,0
tdl.45580-the-ceylon-law-reports-being-reports-of-cases-decide-by-the-supreme-co,நூல் - The Ceylon Law Reports  : Being Reports of Cases Decide by the ,,0,,0,0,0,0,0,0,0,0,0,0,0,0,0,0,0,0
tdl.45619-the-ceylon-law-reports-being-reports-of-cases-decided-by-the-supreme-c,நூல் - The Ceylon Law reports  : Being reports of cases decided by the,,0,,0,0,0,0,0,0,0,0,0,0,0,0,0,0,0,0
tdl.45621-court-of-appeal-cases-of-ceylon-being-reports-of-cases-decided-by-the-,நூல் - Court of Appeal Cases of Ceylon  : Being Reports of Cases Decid,,0,,0,0,0,0,0,0,0,0,0,0,0,0,0,0,0,0
tdl.45622-court-of-appeal-cases-of-ceylon-being-reports-of-cases-decided-by-the-,நூல் - Court of Appeal Cases of Ceylon  : Being Reports of Cases Decid,,0,,0,0,0,0,0,0,0,0,0,0,0,0,0,0,0,0
tdl.45633-court-of-appeal-cases-of-ceylon-being-reports-of-cases-decided-by-the-,நூல் - Court of Appeal Cases of Ceylon  : Being Reports of Cases Decid,,0,,0,0,0,0,0,0,0,0,0,0,0,0,0,0,0,0
tdl.45638-court-of-appeal-cases-of-ceylon-being-reports-of-cases-decided-by-the-,நூல் - Court of Appeal Cases of Ceylon  : Being Reports of Cases Decid,,0,,0,0,0,0,0,0,0,0,0,0,0,0,0,0,0,0
tdl.45651-the-appeal-reports-for-1874-being-reports-of-cases-argued-and-determin,நூல் - The Appeal Reports for 1874  : Being Reports of Cases Argued an,,0,,0,0,0,0,0,0,0,0,0,0,0,0,0,0,0,0
tdl.45891-reports-of-important-cases-heard-and-determined-by-the-supreme-court-o,நூல் - Reports of Important Cases Heard and Determined by the Supreme ,,0,,0,0,0,0,0,0,0,0,0,0,0,0,0,0,0,0
