identifier,title,year,rights,text_file,chars,detail_url
cu31924024946133,"A digest of the decisions of the Supreme court sitting at Colombo, since the promulgation of the charter of 1833 ..",1862,,data/legal-sources/library/case-law/internet-archive/cu31924024946133/cu31924024946133_djvu.txt,1315541,https://archive.org/details/cu31924024946133
cu31924025018379,Reports of cases argued and determined in the Supreme Court of Ceylon : sitting in appeal during the years 1882-83 ,1884,,data/legal-sources/library/case-law/internet-archive/cu31924025018379/cu31924025018379_djvu.txt,987999,https://archive.org/details/cu31924025018379
cu31924025025408,"Supreme court decisions in appeal during 1899, with index",1900,,data/legal-sources/library/case-law/internet-archive/cu31924025025408/cu31924025025408_djvu.txt,460788,https://archive.org/details/cu31924025025408
cu31924071251064,Reports of important cases heard and determined by the Supreme court of Ceylon ..,1878,,data/legal-sources/library/case-law/internet-archive/cu31924071251064/cu31924071251064_djvu.txt,619803,https://archive.org/details/cu31924071251064
cu31924071251072,Reports of important cases heard and determined by the Supreme court of Ceylon ..,1878,,data/legal-sources/library/case-law/internet-archive/cu31924071251072/cu31924071251072_djvu.txt,949994,https://archive.org/details/cu31924071251072
cu31924084191372,The Ceylon Law reports : being reports of cases decided by the Supreme Court of Ceylon,1892,,data/legal-sources/library/case-law/internet-archive/cu31924084191372/cu31924084191372_djvu.txt,658983,https://archive.org/details/cu31924084191372
cu31924084191380,The Ceylon Law reports : being reports of cases decided by the Supreme Court of Ceylon,1892,,data/legal-sources/library/case-law/internet-archive/cu31924084191380/cu31924084191380_djvu.txt,600566,https://archive.org/details/cu31924084191380
cu31924084191398,The Ceylon Law reports : being reports of cases decided by the Supreme Court of Ceylon,1892,,data/legal-sources/library/case-law/internet-archive/cu31924084191398/cu31924084191398_djvu.txt,1254121,https://archive.org/details/cu31924084191398
cu31924084191414,"Court of appeal cases of Ceylon; being reports of cases decided by the Supreme court of Ceylon in its original and appellate jurisdiction, and sitting as a colonial court of admiralty and by His Majesty's Privy council on appeal from Ceylon ... v. 1, pt. 12-v. 4, pt. 8; Jan. 1912-Oct. 1916 ..",1913,,data/legal-sources/library/case-law/internet-archive/cu31924084191414/cu31924084191414_djvu.txt,1688498,https://archive.org/details/cu31924084191414
cu31924084199672,"The appeal reports for 1872, being reports of cases argued and determined in the Supreme court of Ceylon sitting in appeal",1872,,data/legal-sources/library/case-law/internet-archive/cu31924084199672/cu31924084199672_djvu.txt,1147162,https://archive.org/details/cu31924084199672
cu31924084199680,"The appeal reports for 1872, being reports of cases argued and determined in the Supreme court of Ceylon sitting in appeal",1872,,data/legal-sources/library/case-law/internet-archive/cu31924084199680/cu31924084199680_djvu.txt,606654,https://archive.org/details/cu31924084199680
judgmentsotherde00ceyliala,"Judgments and other decisions and directions of the Supreme Court of the Island of Ceylon, from the promulgation of the new charter, 1st Oct. 1833 to March 1836",1839,NOT_IN_COPYRIGHT,data/legal-sources/library/case-law/internet-archive/judgmentsotherde00ceyliala/judgmentsotherde00ceyliala_djvu.txt,1807196,https://archive.org/details/judgmentsotherde00ceyliala
leaderlawreport00courgoog,"""Leader law reports"" being reports of current decisions of the ..., Volume 1",1907,NOT_IN_COPYRIGHT,data/legal-sources/library/case-law/internet-archive/leaderlawreport00courgoog/leaderlawreport00courgoog_djvu.txt,456952,https://archive.org/details/leaderlawreport00courgoog
newlawreports00appegoog,The New Law Reports,1896,NOT_IN_COPYRIGHT,data/legal-sources/library/case-law/internet-archive/newlawreports00appegoog/newlawreports00appegoog_djvu.txt,1133577,https://archive.org/details/newlawreports00appegoog
reportscasesarg00srgoog,Reports of Cases Argued and Determined in the Supreme Court of Ceylon: Sitting in Appeal During ...,1884,NOT_IN_COPYRIGHT,data/legal-sources/library/case-law/internet-archive/reportscasesarg00srgoog/reportscasesarg00srgoog_djvu.txt,992075,https://archive.org/details/reportscasesarg00srgoog
reportsimportan00ceylgoog,Reports of Important Cases Heard and Determined by the Supreme Court of Ceylon ...,1884,NOT_IN_COPYRIGHT,data/legal-sources/library/case-law/internet-archive/reportsimportan00ceylgoog/reportsimportan00ceylgoog_djvu.txt,565592,https://archive.org/details/reportsimportan00ceylgoog
reportsimportan01ceylgoog,Reports of Important Cases Heard and Determined by the Supreme Court of Ceylon ...,1878,NOT_IN_COPYRIGHT,data/legal-sources/library/case-law/internet-archive/reportsimportan01ceylgoog/reportsimportan01ceylgoog_djvu.txt,1235531,https://archive.org/details/reportsimportan01ceylgoog
reportsimportan02ceylgoog,Reports of Important Cases Heard and Determined by the Supreme Court of Ceylon ...,1881,NOT_IN_COPYRIGHT,data/legal-sources/library/case-law/internet-archive/reportsimportan02ceylgoog/reportsimportan02ceylgoog_djvu.txt,949486,https://archive.org/details/reportsimportan02ceylgoog
reportsimportan03ceylgoog,Reports of Important Cases Heard and Determined by the Supreme Court of Ceylon ...,1880,NOT_IN_COPYRIGHT,data/legal-sources/library/case-law/internet-archive/reportsimportan03ceylgoog/reportsimportan03ceylgoog_djvu.txt,621882,https://archive.org/details/reportsimportan03ceylgoog
supremecourtrep01courgoog,The Supreme Court Reports,1894,NOT_IN_COPYRIGHT,data/legal-sources/library/case-law/internet-archive/supremecourtrep01courgoog/supremecourtrep01courgoog_djvu.txt,407308,https://archive.org/details/supremecourtrep01courgoog
tdl.35083-the-ceylon-law-recorder,இதழ் - The Ceylon Law Recorder,,,data/legal-sources/library/case-law/internet-archive/tdl.35083-the-ceylon-law-recorder/TVA_PRL_0035083_The_Ceylon_Law_Recorder_1924_djvu.txt,90410,https://archive.org/details/tdl.35083-the-ceylon-law-recorder
tdl.45524-reports-of-cases-argued-and-determined-in-the-supreme-court-of-ceylon-,"நூல் - Reports of Cases Argued and Determined in the Supreme Court of Ceylon, Sitting in Appeal During the Years 1882-83",,,data/legal-sources/library/case-law/internet-archive/tdl.45524-reports-of-cases-argued-and-determined-in-the-supreme-court-of-ceylon-/TVA_BOK_0045524_Reports_Cases_Argued_Determined_Supreme_Court_of_Ceylon_djvu.txt,976903,https://archive.org/details/tdl.45524-reports-of-cases-argued-and-determined-in-the-supreme-court-of-ceylon-
tdl.45563-reports-of-important-cases-heard-and-determined-by-the-supreme-court-o,"நூல் - Reports of Important Cases Heard and Determined by the Supreme Court of Ceylon  : During the Years 1860, 1861 and 1862. 1880",,,data/legal-sources/library/case-law/internet-archive/tdl.45563-reports-of-important-cases-heard-and-determined-by-the-supreme-court-o/TVA_BOK_0045563_Reports_of_Important_Cases_1880_djvu.txt,632820,https://archive.org/details/tdl.45563-reports-of-important-cases-heard-and-determined-by-the-supreme-court-o
tdl.45565-reports-of-important-cases-heard-and-determined-by-the-supreme-court-o,நூல் - Reports of Important Cases Heard and Determined by the Supreme Court of Ceylon  : During the Years 1863-68,,,data/legal-sources/library/case-law/internet-archive/tdl.45565-reports-of-important-cases-heard-and-determined-by-the-supreme-court-o/TVA_BOK_0045565_Reports_of_important_cases_1881_djvu.txt,959004,https://archive.org/details/tdl.45565-reports-of-important-cases-heard-and-determined-by-the-supreme-court-o
tdl.45575-the-ceylon-law-reports-being-reports-of-cases-decided-by-the-supreme-c,நூல் - The Ceylon Law reports  : Being reports of cases decided by the Supreme Court of Ceylon   - Vol. I,,,data/legal-sources/library/case-law/internet-archive/tdl.45575-the-ceylon-law-reports-being-reports-of-cases-decided-by-the-supreme-c/TVA_BOK_0045575_Ceylon_Law_reports_1892_djvu.txt,680721,https://archive.org/details/tdl.45575-the-ceylon-law-reports-being-reports-of-cases-decided-by-the-supreme-c
tdl.45580-the-ceylon-law-reports-being-reports-of-cases-decide-by-the-supreme-co,நூல் - The Ceylon Law Reports  : Being Reports of Cases Decide by the Supreme Court of Ceylon   - Vol. III,,,data/legal-sources/library/case-law/internet-archive/tdl.45580-the-ceylon-law-reports-being-reports-of-cases-decide-by-the-supreme-co/TVA_BOK_0045580_Ceylon_Law_Reports_1897_djvu.txt,619069,https://archive.org/details/tdl.45580-the-ceylon-law-reports-being-reports-of-cases-decide-by-the-supreme-co
tdl.45619-the-ceylon-law-reports-being-reports-of-cases-decided-by-the-supreme-c,நூல் - The Ceylon Law reports  : Being reports of cases decided by the Supreme Court of Ceylon   - Vol. II,,,data/legal-sources/library/case-law/internet-archive/tdl.45619-the-ceylon-law-reports-being-reports-of-cases-decided-by-the-supreme-c/TVA_BOK_0045619_Ceylon_Law_Reports_1893_djvu.txt,1270493,https://archive.org/details/tdl.45619-the-ceylon-law-reports-being-reports-of-cases-decided-by-the-supreme-c
tdl.45621-court-of-appeal-cases-of-ceylon-being-reports-of-cases-decided-by-the-,"நூல் - Court of Appeal Cases of Ceylon  : Being Reports of Cases Decided by the Supreme Court of Ceylon in Its Original and Appellate Jurisdiction, and Sitting as a Colonial Court of Admiralty and by His Majesty's Privy Council on Appeal from Ceylon   - Vol. I - Part 12",,,data/legal-sources/library/case-law/internet-archive/tdl.45621-court-of-appeal-cases-of-ceylon-being-reports-of-cases-decided-by-the-/TVA_BOK_0045621_Court_of_Appeal_Cases_of_Ceylon_Vol_1_djvu.txt,369355,https://archive.org/details/tdl.45621-court-of-appeal-cases-of-ceylon-being-reports-of-cases-decided-by-the-
tdl.45622-court-of-appeal-cases-of-ceylon-being-reports-of-cases-decided-by-the-,"நூல் - Court of Appeal Cases of Ceylon  : Being Reports of Cases Decided by the Supreme Court of Ceylon in Its Original and Appellate Jurisdiction, and Sitting as a Colonial Court of Admiralty and by His Majesty's Privy Council on Appeal from Ceylon   - Vol. II - Part XII",,,data/legal-sources/library/case-law/internet-archive/tdl.45622-court-of-appeal-cases-of-ceylon-being-reports-of-cases-decided-by-the-/TVA_BOK_0045622_Court_of_Appeal_Cases_of_Ceylon_Vol_2_djvu.txt,409170,https://archive.org/details/tdl.45622-court-of-appeal-cases-of-ceylon-being-reports-of-cases-decided-by-the-
tdl.45633-court-of-appeal-cases-of-ceylon-being-reports-of-cases-decided-by-the-,"நூல் - Court of Appeal Cases of Ceylon  : Being Reports of Cases Decided by the Supreme Court of Ceylon in Its Original and Appellate Jurisdiction, and Sitting as a Colonial Court of Admiralty and by His Majesty's Privy Council on Appeal from Ceylon   - Vol. III - Part XII",,,data/legal-sources/library/case-law/internet-archive/tdl.45633-court-of-appeal-cases-of-ceylon-being-reports-of-cases-decided-by-the-/TVA_BOK_0045633_Court_of_Appeal_Cases_of_Ceylon_Vol_3_djvu.txt,417889,https://archive.org/details/tdl.45633-court-of-appeal-cases-of-ceylon-being-reports-of-cases-decided-by-the-
tdl.45638-court-of-appeal-cases-of-ceylon-being-reports-of-cases-decided-by-the-,"நூல் - Court of Appeal Cases of Ceylon  : Being Reports of Cases Decided by the Supreme Court of Ceylon in Its Original and Appellate Jurisdiction, and Sitting as a Colonial Court of Admiralty and by His Majesty's Privy Council on Appeal from Ceylon   - Vol. IV - Part VIII",,,data/legal-sources/library/case-law/internet-archive/tdl.45638-court-of-appeal-cases-of-ceylon-being-reports-of-cases-decided-by-the-/TVA_BOK_0045638_Court_of_Appeal_Cases_of_Ceylon_Vol_4_djvu.txt,253068,https://archive.org/details/tdl.45638-court-of-appeal-cases-of-ceylon-being-reports-of-cases-decided-by-the-
tdl.45651-the-appeal-reports-for-1874-being-reports-of-cases-argued-and-determin,"நூல் - The Appeal Reports for 1874  : Being Reports of Cases Argued and Determined in the Supreme Court of Ceylon, Sitting in Appeal   - Vol. III",,,data/legal-sources/library/case-law/internet-archive/tdl.45651-the-appeal-reports-for-1874-being-reports-of-cases-argued-and-determin/TVA_BOK_0045651_The_Appeal_Reports_for_1874_djvu.txt,591134,https://archive.org/details/tdl.45651-the-appeal-reports-for-1874-being-reports-of-cases-argued-and-determin
tdl.45891-reports-of-important-cases-heard-and-determined-by-the-supreme-court-o,நூல் - Reports of Important Cases Heard and Determined by the Supreme Court of Ceylon  : During the years1843-55,,,data/legal-sources/library/case-law/internet-archive/tdl.45891-reports-of-important-cases-heard-and-determined-by-the-supreme-court-o/TVA_BOK_0045891_Reports_of_Important_Cases_Court_of_Ceylon_1844_djvu.txt,543684,https://archive.org/details/tdl.45891-reports-of-important-cases-heard-and-determined-by-the-supreme-court-o
