row_id,section,case_name,report_series,report_year,report_volume,page,citation,source_url,match_reason,verification_status,notes
ROD-001,subject,LEISA AND ANOTHER v. SIMON AND ANOTHER,SLR,2002,1,148,2002 1 SLR 148,https://www.lawlanka.com/lal_v2/relatedCases?chapterId=2001Y5V117C&subjectName=registration+of+documents,LawLanka Registration of Documents related-case digest,unverified,Citation extracted from digest page; full LawNet/Law Report PDF text not verified in this pilot.
ROD-002,subject,WIJEYARATNE AND ANOTHER v. SOMAWATHIE,SLR,2002,1,93,2002 1 SLR 93,https://www.lawlanka.com/lal_v2/relatedCases?chapterId=2001Y5V117C&subjectName=registration+of+documents,LawLanka Registration of Documents related-case digest,unverified,Citation extracted from digest page; full LawNet/Law Report PDF text not verified in this pilot.
ROD-003,subject,KUMARASINGHE v DINADASA AND OTHERS,SLR,2007,2,203,2007 2 SLR 203,https://www.lawlanka.com/lal_v2/relatedCases?chapterId=2001Y5V117C&subjectName=registration+of+documents,LawLanka Registration of Documents related-case digest,unverified,Citation extracted from digest page; full LawNet/Law Report PDF text not verified in this pilot.
ROD-004,subject,"PERIACARUPPEN CHETTIAR v. MESSRS. PROPRIETORS AND AGENTS, LTD., ET AL.",NLR,,47,121,47 NLR 121,https://www.lawlanka.com/lal_v2/relatedCases?chapterId=2001Y5V117C&subjectName=registration+of+documents,LawLanka Registration of Documents related-case digest,unverified,Citation extracted from digest page; full LawNet/Law Report PDF text not verified in this pilot.
ROD-005,subject,APPUSINGHO v. LEELAWATHIE,NLR,,60,409,60 NLR 409,https://www.lawlanka.com/lal_v2/relatedCases?chapterId=2001Y5V117C&subjectName=registration+of+documents,LawLanka Registration of Documents related-case digest,unverified,Citation extracted from digest page; full LawNet/Law Report PDF text not verified in this pilot.
ROD-006,subject,LAIRIS APPU v. TENNAKOON KUMARIHAMY,NLR,,61,97,61 NLR 97,https://www.lawlanka.com/lal_v2/relatedCases?chapterId=2001Y5V117C&subjectName=registration+of+documents,LawLanka Registration of Documents related-case digest,unverified,Citation extracted from digest page; full LawNet/Law Report PDF text not verified in this pilot.
ROD-007,subject,DAVOODBHOY v. FAROOK,NLR,,63,97,63 NLR 97,https://www.lawlanka.com/lal_v2/relatedCases?chapterId=2001Y5V117C&subjectName=registration+of+documents,LawLanka Registration of Documents related-case digest,unverified,Citation extracted from digest page; full LawNet/Law Report PDF text not verified in this pilot.
ROD-008,4,"BANDA, R.M. v. ALITAMBY, A.",NLR,,54,249,54 NLR 249,https://www.lawlanka.com/lal_v2/relatedCases?chapterId=2001Y5V117C&subjectName=registration+of+documents,LawLanka Registration of Documents related-case digest,unverified,Citation extracted from digest page; full LawNet/Law Report PDF text not verified in this pilot.
ROD-009,6,DE SILVA v. WEERAPPA CHETTIAR,NLR,,43,566,43 NLR 566,https://www.lawlanka.com/lal_v2/relatedCases?chapterId=2001Y5V117C&subjectName=registration+of+documents,LawLanka Registration of Documents related-case digest,unverified,Citation extracted from digest page; full LawNet/Law Report PDF text not verified in this pilot.
ROD-010,7,KARUNASIRI v. RATNASIRI PERERA,SLR,1998,2,24,1998 2 SLR 24,https://www.lawlanka.com/lal_v2/relatedCases?chapterId=2001Y5V117C&subjectName=registration+of+documents,LawLanka Registration of Documents related-case digest,unverified,Citation extracted from digest page; full LawNet/Law Report PDF text not verified in this pilot.
ROD-011,7,PODI MENIKA V HEEN MENIKE,SLR,2004,3,289,2004 3 SLR 289,https://www.lawlanka.com/lal_v2/relatedCases?chapterId=2001Y5V117C&subjectName=registration+of+documents,LawLanka Registration of Documents related-case digest,unverified,Citation extracted from digest page; full LawNet/Law Report PDF text not verified in this pilot.
ROD-012,7,"CEYLON EXPORTS, LTD. v. ABEYSUNDERE",NLR,,35,417,35 NLR 417,https://www.lawlanka.com/lal_v2/relatedCases?chapterId=2001Y5V117C&subjectName=registration+of+documents,LawLanka Registration of Documents related-case digest,unverified,Citation extracted from digest page; full LawNet/Law Report PDF text not verified in this pilot.
ROD-013,7,CHETTIAR v. COONGHE,NLR,,35,89,35 NLR 89,https://www.lawlanka.com/lal_v2/relatedCases?chapterId=2001Y5V117C&subjectName=registration+of+documents,LawLanka Registration of Documents related-case digest,unverified,Citation extracted from digest page; full LawNet/Law Report PDF text not verified in this pilot.
ROD-014,7,"ABEYESUNDERA v. CEYLON EXPORTS, LTD., et al.",NLR,,38,117,38 NLR 117,https://www.lawlanka.com/lal_v2/relatedCases?chapterId=2001Y5V117C&subjectName=registration+of+documents,LawLanka Registration of Documents related-case digest,unverified,Citation extracted from digest page; full LawNet/Law Report PDF text not verified in this pilot.
ROD-015,7,EBERT SILVA v. WIJESEKERE,NLR,,47,132,47 NLR 132,https://www.lawlanka.com/lal_v2/relatedCases?chapterId=2001Y5V117C&subjectName=registration+of+documents,LawLanka Registration of Documents related-case digest,unverified,Citation extracted from digest page; full LawNet/Law Report PDF text not verified in this pilot.
ROD-016,7,AMARASEKERA APPUHAMY v. MARY NONA,NLR,,47,177,47 NLR 177,https://www.lawlanka.com/lal_v2/relatedCases?chapterId=2001Y5V117C&subjectName=registration+of+documents,LawLanka Registration of Documents related-case digest,unverified,Citation extracted from digest page; full LawNet/Law Report PDF text not verified in this pilot.
ROD-017,7,ARUMUGAM et al v. ARUMUGAM,NLR,,53,490,53 NLR 490,https://www.lawlanka.com/lal_v2/relatedCases?chapterId=2001Y5V117C&subjectName=registration+of+documents,LawLanka Registration of Documents related-case digest,unverified,Citation extracted from digest page; full LawNet/Law Report PDF text not verified in this pilot.
ROD-018,7,"BANDA, R.M. v. ALITAMBY, A.",NLR,,54,249,54 NLR 249,https://www.lawlanka.com/lal_v2/relatedCases?chapterId=2001Y5V117C&subjectName=registration+of+documents,LawLanka Registration of Documents related-case digest,unverified,Citation extracted from digest page; full LawNet/Law Report PDF text not verified in this pilot.
ROD-019,7,VELLAITHAMBY v. THE ATTORNEY GENERAL,NLR,,58,486,58 NLR 486,https://www.lawlanka.com/lal_v2/relatedCases?chapterId=2001Y5V117C&subjectName=registration+of+documents,LawLanka Registration of Documents related-case digest,unverified,Citation extracted from digest page; full LawNet/Law Report PDF text not verified in this pilot.
ROD-020,7,WIJESURIYA v. PEIRIS ET AL.,NLR,,59,270,59 NLR 270,https://www.lawlanka.com/lal_v2/relatedCases?chapterId=2001Y5V117C&subjectName=registration+of+documents,LawLanka Registration of Documents related-case digest,unverified,Citation extracted from digest page; full LawNet/Law Report PDF text not verified in this pilot.
ROD-021,7,LOGUS v. LAWRENCE,NLR,,63,377,63 NLR 377,https://www.lawlanka.com/lal_v2/relatedCases?chapterId=2001Y5V117C&subjectName=registration+of+documents,LawLanka Registration of Documents related-case digest,unverified,Citation extracted from digest page; full LawNet/Law Report PDF text not verified in this pilot.
ROD-022,7,DIYES SINGHO v. HEARATH,NLR,,64,492,64 NLR 492,https://www.lawlanka.com/lal_v2/relatedCases?chapterId=2001Y5V117C&subjectName=registration+of+documents,LawLanka Registration of Documents related-case digest,unverified,Citation extracted from digest page; full LawNet/Law Report PDF text not verified in this pilot.
ROD-023,7,LAIRIS APPU v. TENNAKOON KUMARIHAMY,NLR,,64,97,64 NLR 97,https://www.lawlanka.com/lal_v2/relatedCases?chapterId=2001Y5V117C&subjectName=registration+of+documents,LawLanka Registration of Documents related-case digest,unverified,Citation extracted from digest page; full LawNet/Law Report PDF text not verified in this pilot.
ROD-024,7,KARUNANAYAKE v. GUNASEKARA,NLR,,65,529,65 NLR 529,https://www.lawlanka.com/lal_v2/relatedCases?chapterId=2001Y5V117C&subjectName=registration+of+documents,LawLanka Registration of Documents related-case digest,unverified,Citation extracted from digest page; full LawNet/Law Report PDF text not verified in this pilot.
ROD-025,7,A.P.GUNASEKERA v. R.A. LEWIS APPUHAMY,NLR,,69,414,69 NLR 414,https://www.lawlanka.com/lal_v2/relatedCases?chapterId=2001Y5V117C&subjectName=registration+of+documents,LawLanka Registration of Documents related-case digest,unverified,Citation extracted from digest page; full LawNet/Law Report PDF text not verified in this pilot.
ROD-026,7,PERERA v. PREMAWATHIE,NLR,,74,302,74 NLR 302,https://www.lawlanka.com/lal_v2/relatedCases?chapterId=2001Y5V117C&subjectName=registration+of+documents,LawLanka Registration of Documents related-case digest,unverified,Citation extracted from digest page; full LawNet/Law Report PDF text not verified in this pilot.
ROD-027,7,HEENAPPUHAMY v. CHARLES,NLR,,77,169,77 NLR 169,https://www.lawlanka.com/lal_v2/relatedCases?chapterId=2001Y5V117C&subjectName=registration+of+documents,LawLanka Registration of Documents related-case digest,unverified,Citation extracted from digest page; full LawNet/Law Report PDF text not verified in this pilot.
ROD-028,8,SOKALINGAM CHETTY v. KALIMUTTU CHETTY,NLR,,44,330,44 NLR 330,https://www.lawlanka.com/lal_v2/relatedCases?chapterId=2001Y5V117C&subjectName=registration+of+documents,LawLanka Registration of Documents related-case digest,unverified,Citation extracted from digest page; full LawNet/Law Report PDF text not verified in this pilot.
ROD-029,8,"GUNARATNE v. PERERA et al.,",NLR,,44,86,44 NLR 86,https://www.lawlanka.com/lal_v2/relatedCases?chapterId=2001Y5V117C&subjectName=registration+of+documents,LawLanka Registration of Documents related-case digest,unverified,Citation extracted from digest page; full LawNet/Law Report PDF text not verified in this pilot.
ROD-030,8,EBERT SILVA v. WIJESEKERE,NLR,,47,132,47 NLR 132,https://www.lawlanka.com/lal_v2/relatedCases?chapterId=2001Y5V117C&subjectName=registration+of+documents,LawLanka Registration of Documents related-case digest,unverified,Citation extracted from digest page; full LawNet/Law Report PDF text not verified in this pilot.
ROD-031,8,MURUGIAH v. JAINUDEEN,NLR,,56,176,56 NLR 176,https://www.lawlanka.com/lal_v2/relatedCases?chapterId=2001Y5V117C&subjectName=registration+of+documents,LawLanka Registration of Documents related-case digest,unverified,Citation extracted from digest page; full LawNet/Law Report PDF text not verified in this pilot.
ROD-032,8,WIJESURIYA v. PEIRIS ET AL.,NLR,,59,270,59 NLR 270,https://www.lawlanka.com/lal_v2/relatedCases?chapterId=2001Y5V117C&subjectName=registration+of+documents,LawLanka Registration of Documents related-case digest,unverified,Citation extracted from digest page; full LawNet/Law Report PDF text not verified in this pilot.
ROD-033,8,GOONESEKERA v. LEELARATNE,NLR,,78,297,78 NLR 297,https://www.lawlanka.com/lal_v2/relatedCases?chapterId=2001Y5V117C&subjectName=registration+of+documents,LawLanka Registration of Documents related-case digest,unverified,Citation extracted from digest page; full LawNet/Law Report PDF text not verified in this pilot.
ROD-034,9,"EMINONA v. MOHIDEEN et al.,",NLR,,32,145,32 NLR 145,https://www.lawlanka.com/lal_v2/relatedCases?chapterId=2001Y5V117C&subjectName=registration+of+documents,LawLanka Registration of Documents related-case digest,unverified,Citation extracted from digest page; full LawNet/Law Report PDF text not verified in this pilot.
ROD-035,10,WIJESURIYA v. PEIRIS ET AL.,NLR,,59,270,59 NLR 270,https://www.lawlanka.com/lal_v2/relatedCases?chapterId=2001Y5V117C&subjectName=registration+of+documents,LawLanka Registration of Documents related-case digest,unverified,Citation extracted from digest page; full LawNet/Law Report PDF text not verified in this pilot.
ROD-036,11,"SOOTHIRATNAM et al., v. ANNAMMA",NLR,,57,515,57 NLR 515,https://www.lawlanka.com/lal_v2/relatedCases?chapterId=2001Y5V117C&subjectName=registration+of+documents,LawLanka Registration of Documents related-case digest,unverified,Citation extracted from digest page; full LawNet/Law Report PDF text not verified in this pilot.
ROD-037,11,NAMBUWASAN v. DEONIS APPU,NLR,,65,353,65 NLR 353,https://www.lawlanka.com/lal_v2/relatedCases?chapterId=2001Y5V117C&subjectName=registration+of+documents,LawLanka Registration of Documents related-case digest,unverified,Citation extracted from digest page; full LawNet/Law Report PDF text not verified in this pilot.
ROD-038,12,DINGIRI MAHATMAYA AND OTHERS v. SAMARAWEERA AND OTHERS,SLR,2003,2,268,2003 2 SLR 268,https://www.lawlanka.com/lal_v2/relatedCases?chapterId=2001Y5V117C&subjectName=registration+of+documents,LawLanka Registration of Documents related-case digest,unverified,Citation extracted from digest page; full LawNet/Law Report PDF text not verified in this pilot.
ROD-039,12,TOCHINA v. DANIEL,NLR,,39,168,39 NLR 168,https://www.lawlanka.com/lal_v2/relatedCases?chapterId=2001Y5V117C&subjectName=registration+of+documents,LawLanka Registration of Documents related-case digest,unverified,Citation extracted from digest page; full LawNet/Law Report PDF text not verified in this pilot.
ROD-040,12,"KANAGASABAI, S.C. v. VELUPILLAI",NLR,,54,241,54 NLR 241,https://www.lawlanka.com/lal_v2/relatedCases?chapterId=2001Y5V117C&subjectName=registration+of+documents,LawLanka Registration of Documents related-case digest,unverified,Citation extracted from digest page; full LawNet/Law Report PDF text not verified in this pilot.
ROD-041,12,KARUNANAYAKE v. GUNASEKARA,NLR,,65,529,65 NLR 529,https://www.lawlanka.com/lal_v2/relatedCases?chapterId=2001Y5V117C&subjectName=registration+of+documents,LawLanka Registration of Documents related-case digest,unverified,Citation extracted from digest page; full LawNet/Law Report PDF text not verified in this pilot.
ROD-042,13,LOGUS v. LAWRENCE,NLR,,63,377,63 NLR 377,https://www.lawlanka.com/lal_v2/relatedCases?chapterId=2001Y5V117C&subjectName=registration+of+documents,LawLanka Registration of Documents related-case digest,unverified,Citation extracted from digest page; full LawNet/Law Report PDF text not verified in this pilot.
ROD-043,14,DIYES SINGHO v. HEARATH,NLR,,64,492,64 NLR 492,https://www.lawlanka.com/lal_v2/relatedCases?chapterId=2001Y5V117C&subjectName=registration+of+documents,LawLanka Registration of Documents related-case digest,unverified,Citation extracted from digest page; full LawNet/Law Report PDF text not verified in this pilot.
ROD-044,14,KARUNANAYAKE v. GUNASEKARA,NLR,,65,529,65 NLR 529,https://www.lawlanka.com/lal_v2/relatedCases?chapterId=2001Y5V117C&subjectName=registration+of+documents,LawLanka Registration of Documents related-case digest,unverified,Citation extracted from digest page; full LawNet/Law Report PDF text not verified in this pilot.
ROD-045,14,PERERA v. PREMAWATHIE,NLR,,74,302,74 NLR 302,https://www.lawlanka.com/lal_v2/relatedCases?chapterId=2001Y5V117C&subjectName=registration+of+documents,LawLanka Registration of Documents related-case digest,unverified,Citation extracted from digest page; full LawNet/Law Report PDF text not verified in this pilot.
ROD-046,14,HEENAPPUHAMY v. CHARLES,NLR,,77,169,77 NLR 169,https://www.lawlanka.com/lal_v2/relatedCases?chapterId=2001Y5V117C&subjectName=registration+of+documents,LawLanka Registration of Documents related-case digest,unverified,Citation extracted from digest page; full LawNet/Law Report PDF text not verified in this pilot.
ROD-047,15,"CHELLIAH PILLAI v. DEVADASAN et al.,",NLR,,39,68,39 NLR 68,https://www.lawlanka.com/lal_v2/relatedCases?chapterId=2001Y5V117C&subjectName=registration+of+documents,LawLanka Registration of Documents related-case digest,unverified,Citation extracted from digest page; full LawNet/Law Report PDF text not verified in this pilot.
ROD-048,15,RANMENIKA v. APPUHAMY,NLR,,42,299,42 NLR 299,https://www.lawlanka.com/lal_v2/relatedCases?chapterId=2001Y5V117C&subjectName=registration+of+documents,LawLanka Registration of Documents related-case digest,unverified,Citation extracted from digest page; full LawNet/Law Report PDF text not verified in this pilot.
ROD-049,15,LOGUS v. LAWRENCE,NLR,,63,377,63 NLR 377,https://www.lawlanka.com/lal_v2/relatedCases?chapterId=2001Y5V117C&subjectName=registration+of+documents,LawLanka Registration of Documents related-case digest,unverified,Citation extracted from digest page; full LawNet/Law Report PDF text not verified in this pilot.
ROD-050,16,LOGUS v. LAWRENCE,NLR,,63,377,63 NLR 377,https://www.lawlanka.com/lal_v2/relatedCases?chapterId=2001Y5V117C&subjectName=registration+of+documents,LawLanka Registration of Documents related-case digest,unverified,Citation extracted from digest page; full LawNet/Law Report PDF text not verified in this pilot.
ROD-051,17,WRIGHT AND THREE OTHERS v. PEOPLE'S BANK,SLR,1985,2,292,1985 2 SLR 292,https://www.lawlanka.com/lal_v2/relatedCases?chapterId=2001Y5V117C&subjectName=registration+of+documents,LawLanka Registration of Documents related-case digest,unverified,Citation extracted from digest page; full LawNet/Law Report PDF text not verified in this pilot.
ROD-052,17,MOHAMAD v. EASTERN BANK,NLR,,33,73,33 NLR 73,https://www.lawlanka.com/lal_v2/relatedCases?chapterId=2001Y5V117C&subjectName=registration+of+documents,LawLanka Registration of Documents related-case digest,unverified,Citation extracted from digest page; full LawNet/Law Report PDF text not verified in this pilot.
ROD-053,17,APPUHAMY v. APPUHAMY,NLR,,35,329,35 NLR 329,https://www.lawlanka.com/lal_v2/relatedCases?chapterId=2001Y5V117C&subjectName=registration+of+documents,LawLanka Registration of Documents related-case digest,unverified,Citation extracted from digest page; full LawNet/Law Report PDF text not verified in this pilot.
ROD-054,17,PUBLIC TRUSTEE v. UDURUWANA,NLR,,51,193,51 NLR 193,https://www.lawlanka.com/lal_v2/relatedCases?chapterId=2001Y5V117C&subjectName=registration+of+documents,LawLanka Registration of Documents related-case digest,unverified,Citation extracted from digest page; full LawNet/Law Report PDF text not verified in this pilot.
ROD-055,17,DAVID v. MENDIS et al,NLR,,53,337,53 NLR 337,https://www.lawlanka.com/lal_v2/relatedCases?chapterId=2001Y5V117C&subjectName=registration+of+documents,LawLanka Registration of Documents related-case digest,unverified,Citation extracted from digest page; full LawNet/Law Report PDF text not verified in this pilot.
ROD-056,18,MOHAMAD v. EASTERN BANK,NLR,,33,73,33 NLR 73,https://www.lawlanka.com/lal_v2/relatedCases?chapterId=2001Y5V117C&subjectName=registration+of+documents,LawLanka Registration of Documents related-case digest,unverified,Citation extracted from digest page; full LawNet/Law Report PDF text not verified in this pilot.
ROD-057,18,APPUHAMY v. APPUHAMY,NLR,,35,329,35 NLR 329,https://www.lawlanka.com/lal_v2/relatedCases?chapterId=2001Y5V117C&subjectName=registration+of+documents,LawLanka Registration of Documents related-case digest,unverified,Citation extracted from digest page; full LawNet/Law Report PDF text not verified in this pilot.
ROD-058,18,PUBLIC TRUSTEE v. UDURUWANA,NLR,,51,193,51 NLR 193,https://www.lawlanka.com/lal_v2/relatedCases?chapterId=2001Y5V117C&subjectName=registration+of+documents,LawLanka Registration of Documents related-case digest,unverified,Citation extracted from digest page; full LawNet/Law Report PDF text not verified in this pilot.
ROD-059,18,DAVID v. MENDIS et al,NLR,,53,337,53 NLR 337,https://www.lawlanka.com/lal_v2/relatedCases?chapterId=2001Y5V117C&subjectName=registration+of+documents,LawLanka Registration of Documents related-case digest,unverified,Citation extracted from digest page; full LawNet/Law Report PDF text not verified in this pilot.
ROD-060,18,KARUNANAYAKE v. GUNASEKARA,NLR,,65,529,65 NLR 529,https://www.lawlanka.com/lal_v2/relatedCases?chapterId=2001Y5V117C&subjectName=registration+of+documents,LawLanka Registration of Documents related-case digest,unverified,Citation extracted from digest page; full LawNet/Law Report PDF text not verified in this pilot.
ROD-061,22,MERCANTILE CREDIT LTD. v. SUMANAPALA AND ANOTHER,SLR,2002,1,417,2002 1 SLR 417,https://www.lawlanka.com/lal_v2/relatedCases?chapterId=2001Y5V117C&subjectName=registration+of+documents,LawLanka Registration of Documents related-case digest,unverified,Citation extracted from digest page; full LawNet/Law Report PDF text not verified in this pilot.
ROD-062,26,REV.MAUSSAGOLLE DHARMARAKKITHA THERO AND ANOTHER v. REGISTRAR OF LANDS AND OTHERS,SLR,2005,3,113,2005 3 SLR 113,https://www.lawlanka.com/lal_v2/relatedCases?chapterId=2001Y5V117C&subjectName=registration+of+documents,LawLanka Registration of Documents related-case digest,unverified,Citation extracted from digest page; full LawNet/Law Report PDF text not verified in this pilot.
ROD-063,26,WIJESURIYA v. PEIRIS ET AL.,NLR,,59,270,59 NLR 270,https://www.lawlanka.com/lal_v2/relatedCases?chapterId=2001Y5V117C&subjectName=registration+of+documents,LawLanka Registration of Documents related-case digest,unverified,Citation extracted from digest page; full LawNet/Law Report PDF text not verified in this pilot.
ROD-064,30,STRONG v. MARIKAR,NLR,,35,145,35 NLR 145,https://www.lawlanka.com/lal_v2/relatedCases?chapterId=2001Y5V117C&subjectName=registration+of+documents,LawLanka Registration of Documents related-case digest,unverified,Citation extracted from digest page; full LawNet/Law Report PDF text not verified in this pilot.
ROD-065,31,ROHAN DE SOYZA v. JINENDRADASA,SLR,2004,1,379,2004 1 SLR 379,https://www.lawlanka.com/lal_v2/relatedCases?chapterId=2001Y5V117C&subjectName=registration+of+documents,LawLanka Registration of Documents related-case digest,unverified,Citation extracted from digest page; full LawNet/Law Report PDF text not verified in this pilot.
ROD-066,32,MERCANTILE CREDIT LTD. v. SUMANAPALA AND ANOTHER,SLR,2002,1,417,2002 1 SLR 417,https://www.lawlanka.com/lal_v2/relatedCases?chapterId=2001Y5V117C&subjectName=registration+of+documents,LawLanka Registration of Documents related-case digest,unverified,Citation extracted from digest page; full LawNet/Law Report PDF text not verified in this pilot.
ROD-067,32,RODRIGO VS. THE FINANCE CO. LTD AND ANOTHER,SLR,2005,2,285,2005 2 SLR 285,https://www.lawlanka.com/lal_v2/relatedCases?chapterId=2001Y5V117C&subjectName=registration+of+documents,LawLanka Registration of Documents related-case digest,unverified,Citation extracted from digest page; full LawNet/Law Report PDF text not verified in this pilot.
ROD-068,32,STRONG v. MARIKAR,NLR,,35,145,35 NLR 145,https://www.lawlanka.com/lal_v2/relatedCases?chapterId=2001Y5V117C&subjectName=registration+of+documents,LawLanka Registration of Documents related-case digest,unverified,Citation extracted from digest page; full LawNet/Law Report PDF text not verified in this pilot.
ROD-069,33,RODRIGO VS. THE FINANCE CO. LTD AND ANOTHER,SLR,2005,2,285,2005 2 SLR 285,https://www.lawlanka.com/lal_v2/relatedCases?chapterId=2001Y5V117C&subjectName=registration+of+documents,LawLanka Registration of Documents related-case digest,unverified,Citation extracted from digest page; full LawNet/Law Report PDF text not verified in this pilot.
ROD-070,33,STRONG v. MARIKAR,NLR,,35,145,35 NLR 145,https://www.lawlanka.com/lal_v2/relatedCases?chapterId=2001Y5V117C&subjectName=registration+of+documents,LawLanka Registration of Documents related-case digest,unverified,Citation extracted from digest page; full LawNet/Law Report PDF text not verified in this pilot.
ROD-071,36,REV.MAUSSAGOLLE DHARMARAKKITHA THERO AND ANOTHER v. REGISTRAR OF LANDS AND OTHERS,SLR,2005,3,113,2005 3 SLR 113,https://www.lawlanka.com/lal_v2/relatedCases?chapterId=2001Y5V117C&subjectName=registration+of+documents,LawLanka Registration of Documents related-case digest,unverified,Citation extracted from digest page; full LawNet/Law Report PDF text not verified in this pilot.
ROD-072,38,REV.MAUSSAGOLLE DHARMARAKKITHA THERO AND ANOTHER v. REGISTRAR OF LANDS AND OTHERS,SLR,2005,3,113,2005 3 SLR 113,https://www.lawlanka.com/lal_v2/relatedCases?chapterId=2001Y5V117C&subjectName=registration+of+documents,LawLanka Registration of Documents related-case digest,unverified,Citation extracted from digest page; full LawNet/Law Report PDF text not verified in this pilot.
ROD-073,38,THE COLOMBO APOTHECARIES COMPANY LIMITED v. PEIRIS,NLR,,58,361,58 NLR 361,https://www.lawlanka.com/lal_v2/relatedCases?chapterId=2001Y5V117C&subjectName=registration+of+documents,LawLanka Registration of Documents related-case digest,unverified,Citation extracted from digest page; full LawNet/Law Report PDF text not verified in this pilot.
ROD-074,38,REGISTRAR GENERAL v. SANGARAPILLAI,NLR,,78,394,78 NLR 394,https://www.lawlanka.com/lal_v2/relatedCases?chapterId=2001Y5V117C&subjectName=registration+of+documents,LawLanka Registration of Documents related-case digest,unverified,Citation extracted from digest page; full LawNet/Law Report PDF text not verified in this pilot.
ROD-075,39,THE COLOMBO APOTHECARIES COMPANY LIMITED v. PEIRIS,NLR,,58,361,58 NLR 361,https://www.lawlanka.com/lal_v2/relatedCases?chapterId=2001Y5V117C&subjectName=registration+of+documents,LawLanka Registration of Documents related-case digest,unverified,Citation extracted from digest page; full LawNet/Law Report PDF text not verified in this pilot.
ROD-076,151,PERERA v. SOYSA,NLR,,39,498,39 NLR 498,https://www.lawlanka.com/lal_v2/relatedCases?chapterId=2001Y5V117C&subjectName=registration+of+documents,LawLanka Registration of Documents related-case digest,unverified,Citation extracted from digest page; full LawNet/Law Report PDF text not verified in this pilot.
