source_id,source_type,source_path,markdown_path,converter,converter_version,ocr_enabled,language_hint,status,quality_notes,converted_at
SRC013,amendment,data/legal-sources/library/amendments/apartment-ownership-special-provisions-act-23-2018/apartment-ownership-special-provisions-act-23-2018.pdf,data/legal-sources/library-markdown/amendments/apartment-ownership-special-provisions-act-23-2018/apartment-ownership-special-provisions-act-23-2018.md,docling,2.112.0,true,"eng,sin,tam",converted,Docling conversion; pages=6; non_ws_chars=4875; chars_per_page=812.5.,2026-07-12T17:52:28+00:00
SRC032,amendment,data/legal-sources/library/amendments/companies-act-amendments/companies-act-amendments-english.pdf,data/legal-sources/library-markdown/amendments/companies-act-amendments/companies-act-amendments-english.md,docling,2.112.0,true,"eng,sin,tam",converted,Docling conversion; pages=4; non_ws_chars=2454; chars_per_page=613.5.,2026-07-12T17:52:28+00:00
SRC022,amendment,data/legal-sources/library/amendments/land-restrictions-on-alienation-amendment-act-21-2018/land-restrictions-on-alienation-amendment-act-21-2018.pdf,data/legal-sources/library-markdown/amendments/land-restrictions-on-alienation-amendment-act-21-2018/land-restrictions-on-alienation-amendment-act-21-2018.md,docling,2.112.0,true,"eng,sin,tam",converted,Docling conversion; pages=4; non_ws_chars=2300; chars_per_page=575.0.,2026-07-12T17:52:57+00:00
SRC015,amendment,data/legal-sources/library/amendments/notaries-amendment-act-31-2022/notaries-amendment-act-31-2022.pdf,data/legal-sources/library-markdown/amendments/notaries-amendment-act-31-2022/notaries-amendment-act-31-2022.md,docling+rapidocr-local,2.112.0,true,"eng,sin,tam",converted,pages=22; non_ws_chars=22889; local_ocr_pages=22; document_ai_pages=0; mean_local_confidence=0.973,2026-07-16T11:39:14.632105+00:00
SRC016,amendment,data/legal-sources/library/amendments/notaries-amendment-act-6-2024/notaries-amendment-act-6-2024.pdf,data/legal-sources/library-markdown/amendments/notaries-amendment-act-6-2024/notaries-amendment-act-6-2024.md,pdftotext,,false,"eng,sin,tam",fallback-pdftotext,Docling failed with exit=0; fallback text used; pages=9; non_ws_chars=7277.,2026-07-12T17:57:21+00:00
SRC018,amendment,data/legal-sources/library/amendments/powers-of-attorney-amendment-act-14-2013/powers-of-attorney-amendment-act-14-2013.pdf,data/legal-sources/library-markdown/amendments/powers-of-attorney-amendment-act-14-2013/powers-of-attorney-amendment-act-14-2013.md,docling,2.112.0,true,"eng,sin,tam",converted,Docling conversion; pages=5; non_ws_chars=3827; chars_per_page=765.4.,2026-07-12T17:57:55+00:00
SRC019,amendment,data/legal-sources/library/amendments/powers-of-attorney-amendment-act-28-2022/powers-of-attorney-amendment-act-28-2022.pdf,data/legal-sources/library-markdown/amendments/powers-of-attorney-amendment-act-28-2022/powers-of-attorney-amendment-act-28-2022.md,docling+rapidocr-local,2.112.0,true,"eng,sin,tam",converted,pages=13; non_ws_chars=12458; local_ocr_pages=13; document_ai_pages=0; mean_local_confidence=0.965,2026-07-16T11:41:48.518285+00:00
SRC020,amendment,data/legal-sources/library/amendments/powers-of-attorney-amendment-act-3-2024/powers-of-attorney-amendment-act-3-2024.pdf,data/legal-sources/library-markdown/amendments/powers-of-attorney-amendment-act-3-2024/powers-of-attorney-amendment-act-3-2024.md,docling,2.112.0,true,"eng,sin,tam",converted,Docling conversion; pages=5; non_ws_chars=3581; chars_per_page=716.2.,2026-07-12T18:05:46+00:00
SRC002,amendment,data/legal-sources/library/amendments/prevention-of-frauds-amendment-act-30-2022/prevention-of-frauds-amendment-act-30-2022.pdf,data/legal-sources/library-markdown/amendments/prevention-of-frauds-amendment-act-30-2022/prevention-of-frauds-amendment-act-30-2022.md,docling,2.112.0,true,"eng,sin,tam",converted,Docling conversion; pages=5; non_ws_chars=3626; chars_per_page=725.2.,2026-07-12T18:06:52+00:00
SRC003,amendment,data/legal-sources/library/amendments/prevention-of-frauds-amendment-act-4-2024/prevention-of-frauds-amendment-act-4-2024.pdf,data/legal-sources/library-markdown/amendments/prevention-of-frauds-amendment-act-4-2024/prevention-of-frauds-amendment-act-4-2024.md,docling,2.112.0,true,"eng,sin,tam",converted,Docling conversion; pages=4; non_ws_chars=2491; chars_per_page=622.8.,2026-07-12T18:07:24+00:00
SRC008,amendment,data/legal-sources/library/amendments/registration-of-documents-amendment-act-21-2013/registration-of-documents-amendment-act-21-2013.pdf,data/legal-sources/library-markdown/amendments/registration-of-documents-amendment-act-21-2013/registration-of-documents-amendment-act-21-2013.md,docling,2.112.0,true,"eng,sin,tam",converted,Docling conversion; pages=5; non_ws_chars=4187; chars_per_page=837.4.,2026-07-12T18:07:28+00:00
SRC009,amendment,data/legal-sources/library/amendments/registration-of-documents-amendment-act-32-2022/registration-of-documents-amendment-act-32-2022.pdf,data/legal-sources/library-markdown/amendments/registration-of-documents-amendment-act-32-2022/registration-of-documents-amendment-act-32-2022.md,docling+documentai-ocr,2.112.0,true,"eng,sin,tam",converted,pages=11; non_ws_chars=9795; local_ocr_pages=0; document_ai_pages=11; mean_local_confidence=0.000,2026-07-16T12:21:20.101938+00:00
SRC007,amendment,data/legal-sources/library/amendments/registration-of-documents-amendment-act-48-2011/registration-of-documents-amendment-act-48-2011.pdf,data/legal-sources/library-markdown/amendments/registration-of-documents-amendment-act-48-2011/registration-of-documents-amendment-act-48-2011.md,pdftotext,,false,"eng,sin,tam",fallback-pdftotext,Docling failed with exit=0; fallback text used; pages=3; non_ws_chars=2150.,2026-07-12T18:08:00+00:00
SRC006,amendment,data/legal-sources/library/amendments/registration-of-documents-amendment-act-5-1990/registration-of-documents-amendment-act-5-1990.pdf,data/legal-sources/library-markdown/amendments/registration-of-documents-amendment-act-5-1990/registration-of-documents-amendment-act-5-1990.md,docling+rapidocr-local,2.112.0,true,"eng,sin,tam",converted,pages=3; non_ws_chars=1311; local_ocr_pages=3; document_ai_pages=0; mean_local_confidence=0.977,2026-07-16T11:31:54.276149+00:00
SRC069,amendment,data/legal-sources/library/amendments/stamp-duty-special-provisions-amendment-act-10-2008/stamp-duty-special-provisions-amendment-act-10-2008.pdf,data/legal-sources/library-markdown/amendments/stamp-duty-special-provisions-amendment-act-10-2008/stamp-duty-special-provisions-amendment-act-10-2008.md,pdftotext,,false,"eng,sin,tam",fallback-pdftotext,Docling failed with exit=0; fallback text used; pages=5; non_ws_chars=3683.,2026-07-12T18:11:30+00:00
SRC060,amendment,data/legal-sources/library/amendments/trusts-amendment-act-6-2018/trusts-amendment-act-6-2018.pdf,data/legal-sources/library-markdown/amendments/trusts-amendment-act-6-2018/trusts-amendment-act-6-2018.md,pdftotext,,false,"eng,sin,tam",fallback-pdftotext,Docling failed with exit=0; fallback text used; pages=8; non_ws_chars=7756.,2026-07-12T18:11:55+00:00
SRC026,amendment,data/legal-sources/library/amendments/wills-amendment-act-29-2022/wills-amendment-act-29-2022.pdf,data/legal-sources/library-markdown/amendments/wills-amendment-act-29-2022/wills-amendment-act-29-2022.md,pdftotext,,false,"eng,sin,tam",fallback-pdftotext,Docling failed with exit=0; fallback text used; pages=5; non_ws_chars=2893.,2026-07-12T18:13:27+00:00
SRC083,gazette,data/legal-sources/library/gazettes/registration-of-title/gazette-1616-23-2009-08-24-en.pdf,data/legal-sources/library-markdown/gazettes/registration-of-title/gazette-1616-23-2009-08-24-en.md,docling+documentai-ocr,2.112.0,true,"eng,sin,tam",converted,pages=14; non_ws_chars=29237; local_ocr_pages=0; document_ai_pages=14; mean_local_confidence=0.000,2026-07-16T12:24:06.803442+00:00
SRC084,gazette,data/legal-sources/library/gazettes/registration-of-title/gazette-1886-58-2014-10-31-en.pdf,data/legal-sources/library-markdown/gazettes/registration-of-title/gazette-1886-58-2014-10-31-en.md,pdftotext,,false,"eng,sin,tam",fallback-pdftotext,Docling failed with exit=0; fallback text used; pages=44; non_ws_chars=76760.,2026-07-12T18:16:38+00:00
SRC085,gazette,data/legal-sources/library/gazettes/registration-of-title/gazette-1912-04-2015-04-27-en.pdf,data/legal-sources/library-markdown/gazettes/registration-of-title/gazette-1912-04-2015-04-27-en.md,pdftotext,,false,"eng,sin,tam",fallback-pdftotext,Docling failed with exit=0; fallback text used; pages=1; non_ws_chars=1143.,2026-07-12T18:16:59+00:00
SRC086,gazette,data/legal-sources/library/gazettes/registration-of-title/gazette-2308-27-2022-12-01-en.pdf,data/legal-sources/library-markdown/gazettes/registration-of-title/gazette-2308-27-2022-12-01-en.md,pdftotext,,false,"eng,sin,tam",fallback-pdftotext,Docling failed with exit=0; fallback text used; pages=69; non_ws_chars=103015.,2026-07-12T18:17:17+00:00
SRC010,institution-guide,data/legal-sources/library/institution-guides/registration-of-documents-regulations/registration-of-documents-regulations.pdf,data/legal-sources/library-markdown/institution-guides/registration-of-documents-regulations/registration-of-documents-regulations.md,docling+documentai-ocr,2.112.0,true,"eng,sin,tam",converted,pages=16; non_ws_chars=23479; local_ocr_pages=0; document_ai_pages=16; mean_local_confidence=0.000,2026-07-16T12:26:05.095588+00:00
SRC012,statute,data/legal-sources/library/statutes/apartment-ownership-law/apartment-ownership-law-11-1973.pdf,data/legal-sources/library-markdown/statutes/apartment-ownership-law/apartment-ownership-law-11-1973.md,docling,2.112.0,true,"eng,sin,tam",converted,Docling conversion; pages=10; non_ws_chars=26650; chars_per_page=2665.0.,2026-07-12T18:18:50+00:00
SRC044,statute,data/legal-sources/library/statutes/bank-of-ceylon-ordinance/bank-of-ceylon-ordinance.pdf,data/legal-sources/library-markdown/statutes/bank-of-ceylon-ordinance/bank-of-ceylon-ordinance.md,pdftotext,,false,"eng,sin,tam",fallback-pdftotext,Docling failed with exit=0; fallback text used; pages=30; non_ws_chars=59796.,2026-07-12T18:18:56+00:00
SRC049,statute,data/legal-sources/library/statutes/buddhist-temporalities-ordinance/buddhist-temporalities-consolidated-2024.pdf,data/legal-sources/library-markdown/statutes/buddhist-temporalities-ordinance/buddhist-temporalities-consolidated-2024.md,pdftotext,,false,"eng,sin,tam",fallback-pdftotext,Docling failed with exit=3221225477; fallback text used; pages=28; non_ws_chars=43964.,2026-07-12T18:19:37+00:00
SRC030,statute,data/legal-sources/library/statutes/civil-procedure-code/civil-procedure-code-consolidated-2024.pdf,data/legal-sources/library-markdown/statutes/civil-procedure-code/civil-procedure-code-consolidated-2024.md,pdftotext,,false,"eng,sin,tam",fallback-pdftotext,Docling failed with exit=3221225477; fallback text used; pages=233; non_ws_chars=486856.,2026-07-12T18:19:59+00:00
SRC031,statute,data/legal-sources/library/statutes/companies-act/companies-act-7-2007.pdf,data/legal-sources/library-markdown/statutes/companies-act/companies-act-7-2007.md,pdftotext,,false,"eng,sin,tam",fallback-pdftotext,Docling failed with exit=3221225477; fallback text used; pages=488; non_ws_chars=635929.,2026-07-12T18:20:36+00:00
SRC053,statute,data/legal-sources/library/statutes/definition-of-boundaries-ordinance/definition-of-boundaries-ordinance-consolidated.pdf,data/legal-sources/library-markdown/statutes/definition-of-boundaries-ordinance/definition-of-boundaries-ordinance-consolidated.md,pdftotext,,false,"eng,sin,tam",fallback-pdftotext,Docling failed with exit=3221225477; fallback text used; pages=5; non_ws_chars=17558.,2026-07-12T18:21:18+00:00
SRC029,statute,data/legal-sources/library/statutes/evidence-ordinance/evidence-ordinance-consolidated-2024.pdf,data/legal-sources/library-markdown/statutes/evidence-ordinance/evidence-ordinance-consolidated-2024.md,pdftotext,,false,"eng,sin,tam",fallback-pdftotext,Docling failed with exit=0; fallback text used; pages=85; non_ws_chars=122759.,2026-07-12T18:21:22+00:00
SRC051,statute,data/legal-sources/library/statutes/land-acquisition-act/land-acquisition-act-consolidated.pdf,data/legal-sources/library-markdown/statutes/land-acquisition-act/land-acquisition-act-consolidated.md,pdftotext,,false,"eng,sin,tam",fallback-pdftotext,Docling failed with exit=3221225477; fallback text used; pages=23; non_ws_chars=69444.,2026-07-12T18:21:58+00:00
SRC050,statute,data/legal-sources/library/statutes/land-development-ordinance/land-development-consolidated-2024.pdf,data/legal-sources/library-markdown/statutes/land-development-ordinance/land-development-consolidated-2024.md,pdftotext,,false,"eng,sin,tam",fallback-pdftotext,Docling failed with exit=0; fallback text used; pages=48; non_ws_chars=76166.,2026-07-12T18:22:33+00:00
SRC052,statute,data/legal-sources/library/statutes/land-grants-special-provisions-act/land-grants-special-provisions-consolidated.pdf,data/legal-sources/library-markdown/statutes/land-grants-special-provisions-act/land-grants-special-provisions-consolidated.md,pdftotext,,false,"eng,sin,tam",fallback-pdftotext,Docling failed with exit=0; fallback text used; pages=5; non_ws_chars=13133.,2026-07-12T18:23:16+00:00
SRC038,statute,data/legal-sources/library/statutes/land-registers-reconstructed-folios-act/land-registers-reconstructed-folios-consolidated.pdf,data/legal-sources/library-markdown/statutes/land-registers-reconstructed-folios-act/land-registers-reconstructed-folios-consolidated.md,docling,2.112.0,true,"eng,sin,tam",converted,Docling conversion; pages=3; non_ws_chars=6472; chars_per_page=2157.3.,2026-07-12T18:23:40+00:00
SRC021,statute,data/legal-sources/library/statutes/land-restrictions-on-alienation-act/land-restrictions-on-alienation-act-38-2014.pdf,data/legal-sources/library-markdown/statutes/land-restrictions-on-alienation-act/land-restrictions-on-alienation-act-38-2014.md,docling+documentai-ocr,2.112.0,true,"eng,sin,tam",converted,pages=20; non_ws_chars=24397; local_ocr_pages=0; document_ai_pages=20; mean_local_confidence=0.000,2026-07-16T12:38:03.137156+00:00
SRC054,statute,data/legal-sources/library/statutes/land-settlement-ordinance/land-settlement-ordinance-consolidated.pdf,data/legal-sources/library-markdown/statutes/land-settlement-ordinance/land-settlement-ordinance-consolidated.md,pdftotext,,false,"eng,sin,tam",fallback-pdftotext,Docling failed with exit=0; fallback text used; pages=13; non_ws_chars=40580.,2026-07-12T18:24:32+00:00
SRC070,statute,data/legal-sources/library/statutes/legislative-enactments-1980/legislative-enactments-1980-volume-2.pdf,data/legal-sources/library-markdown/statutes/legislative-enactments-1980/legislative-enactments-1980-volume-2.md,pdftotext,,false,"eng,sin,tam",fallback-pdftotext,Docling failed with exit=0; fallback text used; pages=465; non_ws_chars=1261280.,2026-07-12T18:25:14+00:00
SRC033;SRC047;SRC048;SRC055;SRC073;SRC079,statute,data/legal-sources/library/statutes/legislative-enactments-1980/legislative-enactments-1980-volume-3.pdf,data/legal-sources/library-markdown/statutes/legislative-enactments-1980/legislative-enactments-1980-volume-3.md,pdftotext,,false,"eng,sin,tam",fallback-pdftotext,Docling failed with exit=3221225477; fallback text used; pages=934; non_ws_chars=2689360.,2026-07-12T18:26:23+00:00
SRC028;SRC071;SRC072;SRC077,statute,data/legal-sources/library/statutes/legislative-enactments-1980/legislative-enactments-1980-volume-4.pdf,data/legal-sources/library-markdown/statutes/legislative-enactments-1980/legislative-enactments-1980-volume-4.md,pdftotext,,false,"eng,sin,tam",fallback-pdftotext,Docling failed with exit=1; fallback text used; pages=783; non_ws_chars=2263178.,2026-07-12T18:27:05+00:00
SRC046;SRC057;SRC058;SRC059;SRC078,statute,data/legal-sources/library/statutes/legislative-enactments-1980/legislative-enactments-1980-volume-5.pdf,data/legal-sources/library-markdown/statutes/legislative-enactments-1980/legislative-enactments-1980-volume-5.md,pdftotext,,false,"eng,sin,tam",fallback-pdftotext,Docling failed with exit=3221225477; fallback text used; pages=740; non_ws_chars=2063522.,2026-07-12T18:27:30+00:00
SRC045,statute,data/legal-sources/library/statutes/matrimonial-rights-and-inheritance-jaffna-ordinance/matrimonial-rights-and-inheritance-jaffna-consolidated.pdf,data/legal-sources/library-markdown/statutes/matrimonial-rights-and-inheritance-jaffna-ordinance/matrimonial-rights-and-inheritance-jaffna-consolidated.md,pdftotext,,false,"eng,sin,tam",fallback-pdftotext,Docling failed with exit=0; fallback text used; pages=5; non_ws_chars=17009.,2026-07-12T18:27:39+00:00
SRC004,statute,data/legal-sources/library/statutes/matrimonial-rights-and-inheritance-ordinance/matrimonial-rights-and-inheritance-consolidated.pdf,data/legal-sources/library-markdown/statutes/matrimonial-rights-and-inheritance-ordinance/matrimonial-rights-and-inheritance-consolidated.md,pdftotext,,false,"eng,sin,tam",fallback-pdftotext,Docling failed with exit=1; fallback text used; pages=6; non_ws_chars=18285.,2026-07-12T18:28:04+00:00
SRC064,statute,data/legal-sources/library/statutes/mortgage-act/mortgage-act-consolidated-2024.pdf,data/legal-sources/library-markdown/statutes/mortgage-act/mortgage-act-consolidated-2024.md,pdftotext,,false,"eng,sin,tam",fallback-pdftotext,Docling failed with exit=1; fallback text used; pages=70; non_ws_chars=129594.,2026-07-12T18:28:05+00:00
SRC061,statute,data/legal-sources/library/statutes/municipal-councils-ordinance/municipal-councils-consolidated-2024.pdf,data/legal-sources/library-markdown/statutes/municipal-councils-ordinance/municipal-councils-consolidated-2024.md,pdftotext,,false,"eng,sin,tam",fallback-pdftotext,Docling failed with exit=1; fallback text used; pages=169; non_ws_chars=315305.,2026-07-12T18:28:06+00:00
SRC076,statute,data/legal-sources/library/statutes/national-housing-act/national-housing-act-37-1954-cbsl-appendix.pdf,data/legal-sources/library-markdown/statutes/national-housing-act/national-housing-act-37-1954-cbsl-appendix.md,pdftotext,,false,"eng,sin,tam",fallback-pdftotext,Docling failed with exit=1; fallback text used; pages=7; non_ws_chars=20077.,2026-07-12T18:28:08+00:00
SRC014,statute,data/legal-sources/library/statutes/notaries-ordinance/notaries-ordinance-english.pdf,data/legal-sources/library-markdown/statutes/notaries-ordinance/notaries-ordinance-english.md,pdftotext,,false,"eng,sin,tam",fallback-pdftotext,Docling failed with exit=1; fallback text used; pages=22; non_ws_chars=66737.,2026-07-12T18:28:10+00:00
SRC027,statute,data/legal-sources/library/statutes/partition-law/partition-law-consolidated-2024.pdf,data/legal-sources/library-markdown/statutes/partition-law/partition-law-consolidated-2024.md,pdftotext,,false,"eng,sin,tam",fallback-pdftotext,Docling failed with exit=1; fallback text used; pages=71; non_ws_chars=124573.,2026-07-12T18:28:11+00:00
SRC065,statute,data/legal-sources/library/statutes/partnership-ordinance/partnership-ordinance-consolidated.pdf,data/legal-sources/library-markdown/statutes/partnership-ordinance/partnership-ordinance-consolidated.md,pdftotext,,false,"eng,sin,tam",fallback-pdftotext,Docling failed with exit=1; fallback text used; pages=1; non_ws_chars=2276.,2026-07-12T18:28:13+00:00
SRC080,statute,data/legal-sources/library/statutes/peoples-bank-act/peoples-bank-act-29-1961-cbsl-appendix.pdf,data/legal-sources/library-markdown/statutes/peoples-bank-act/peoples-bank-act-29-1961-cbsl-appendix.md,pdftotext,,false,"eng,sin,tam",fallback-pdftotext,Docling failed with exit=1; fallback text used; pages=39; non_ws_chars=69219.,2026-07-12T18:28:14+00:00
SRC017,statute,data/legal-sources/library/statutes/powers-of-attorney-ordinance/powers-of-attorney-ordinance-english.pdf,data/legal-sources/library-markdown/statutes/powers-of-attorney-ordinance/powers-of-attorney-ordinance-english.md,pdftotext,,false,"eng,sin,tam",fallback-pdftotext,Docling failed with exit=1; fallback text used; pages=2; non_ws_chars=2938.,2026-07-12T18:28:15+00:00
SRC062,statute,data/legal-sources/library/statutes/pradeshiya-sabha-act/pradeshiya-sabhas-consolidated-2024.pdf,data/legal-sources/library-markdown/statutes/pradeshiya-sabha-act/pradeshiya-sabhas-consolidated-2024.md,pdftotext,,false,"eng,sin,tam",fallback-pdftotext,Docling failed with exit=1; fallback text used; pages=125; non_ws_chars=232515.,2026-07-12T18:28:16+00:00
SRC001,statute,data/legal-sources/library/statutes/prevention-of-frauds-ordinance/prevention-of-frauds-consolidated-2024.pdf,data/legal-sources/library-markdown/statutes/prevention-of-frauds-ordinance/prevention-of-frauds-consolidated-2024.md,pdftotext,,false,"eng,sin,tam",fallback-pdftotext,Docling failed with exit=3221225477; fallback text used; pages=7; non_ws_chars=11974.,2026-07-12T18:28:18+00:00
SRC005,statute,data/legal-sources/library/statutes/registration-of-documents-ordinance/registration-of-documents-consolidated-2024.pdf,data/legal-sources/library-markdown/statutes/registration-of-documents-ordinance/registration-of-documents-consolidated-2024.md,pdftotext,,false,"eng,sin,tam",fallback-pdftotext,Docling failed with exit=0; fallback text used; pages=22; non_ws_chars=37857.,2026-07-12T18:28:22+00:00
SRC011,statute,data/legal-sources/library/statutes/registration-of-title-act/registration-of-title-act-21-1998.pdf,data/legal-sources/library-markdown/statutes/registration-of-title-act/registration-of-title-act-21-1998.md,docling+documentai-ocr,2.112.0,true,"eng,sin,tam",converted,pages=28; non_ws_chars=40542; local_ocr_pages=0; document_ai_pages=28; mean_local_confidence=0.000,2026-07-16T12:45:36.647724+00:00
SRC037,statute,data/legal-sources/library/statutes/revocation-of-irrevocable-deeds-of-gift/revocation-of-irrevocable-deeds-of-gift-act-5-2017.pdf,data/legal-sources/library-markdown/statutes/revocation-of-irrevocable-deeds-of-gift/revocation-of-irrevocable-deeds-of-gift-act-5-2017.md,pdftotext,,false,"eng,sin,tam",fallback-pdftotext,Docling failed with exit=0; fallback text used; pages=4; non_ws_chars=3198.,2026-07-12T18:29:25+00:00
SRC034,statute,data/legal-sources/library/statutes/stamp-duty-act/stamp-duty-act-43-1982.pdf,data/legal-sources/library-markdown/statutes/stamp-duty-act/stamp-duty-act-43-1982.md,pdftotext,,false,"eng,sin,tam",fallback-pdftotext,Docling failed with exit=0; fallback text used; pages=55; non_ws_chars=94332.,2026-07-12T18:29:52+00:00
SRC068,statute,data/legal-sources/library/statutes/stamp-duty-special-provisions-act/stamp-duty-special-provisions-act-12-2006-consolidated.pdf,data/legal-sources/library-markdown/statutes/stamp-duty-special-provisions-act/stamp-duty-special-provisions-act-12-2006-consolidated.md,pdftotext,,false,"eng,sin,tam",fallback-pdftotext,Docling failed with exit=0; fallback text used; pages=26; non_ws_chars=35696.,2026-07-12T18:30:16+00:00
SRC056,statute,data/legal-sources/library/statutes/state-lands-ordinance/state-lands-ordinance-consolidated.pdf,data/legal-sources/library-markdown/statutes/state-lands-ordinance/state-lands-ordinance-consolidated.md,pdftotext,,false,"eng,sin,tam",fallback-pdftotext,Docling failed with exit=0; fallback text used; pages=22; non_ws_chars=68608.,2026-07-12T18:30:35+00:00
SRC074,statute,data/legal-sources/library/statutes/state-mortgage-and-investment-bank-law/state-mortgage-and-investment-bank-law-13-1975-cbsl-appendix.pdf,data/legal-sources/library-markdown/statutes/state-mortgage-and-investment-bank-law/state-mortgage-and-investment-bank-law-13-1975-cbsl-appendix.md,pdftotext,,false,"eng,sin,tam",fallback-pdftotext,Docling failed with exit=0; fallback text used; pages=60; non_ws_chars=117941.,2026-07-12T18:31:07+00:00
SRC043,statute,data/legal-sources/library/statutes/survey-act/survey-act-17-2002.pdf,data/legal-sources/library-markdown/statutes/survey-act/survey-act-17-2002.md,pdftotext,,false,"eng,sin,tam",fallback-pdftotext,Docling failed with exit=0; fallback text used; pages=39; non_ws_chars=2452.,2026-07-12T18:31:47+00:00
SRC040,statute,data/legal-sources/library/statutes/surveyors-ordinance/surveyors-ordinance-consolidated.pdf,data/legal-sources/library-markdown/statutes/surveyors-ordinance/surveyors-ordinance-consolidated.md,pdftotext,,false,"eng,sin,tam",fallback-pdftotext,Docling failed with exit=0; fallback text used; pages=7; non_ws_chars=18323.,2026-07-12T18:32:16+00:00
SRC023,statute,data/legal-sources/library/statutes/tea-and-rubber-estates-control-of-fragmentation-act/tea-and-rubber-estates-control-of-fragmentation-act-2-1958.pdf,data/legal-sources/library-markdown/statutes/tea-and-rubber-estates-control-of-fragmentation-act/tea-and-rubber-estates-control-of-fragmentation-act-2-1958.md,docling+documentai-ocr,2.112.0,true,"eng,sin,tam",converted,pages=9; non_ws_chars=23682; local_ocr_pages=0; document_ai_pages=9; mean_local_confidence=0.000,2026-07-16T12:48:28.551280+00:00
SRC041,statute,data/legal-sources/library/statutes/town-and-country-planning-ordinance/town-and-country-planning-ordinance-consolidated.pdf,data/legal-sources/library-markdown/statutes/town-and-country-planning-ordinance/town-and-country-planning-ordinance-consolidated.md,pdftotext,,false,"eng,sin,tam",fallback-pdftotext,Docling failed with exit=0; fallback text used; pages=29; non_ws_chars=86798.,2026-07-12T18:33:04+00:00
SRC042,statute,data/legal-sources/library/statutes/urban-councils-ordinance/urban-councils-consolidated-2024.pdf,data/legal-sources/library-markdown/statutes/urban-councils-ordinance/urban-councils-consolidated-2024.md,pdftotext,,false,"eng,sin,tam",fallback-pdftotext,Docling failed with exit=0; fallback text used; pages=139; non_ws_chars=245918.,2026-07-12T18:33:40+00:00
SRC039,statute,data/legal-sources/library/statutes/urban-development-authority-act/urban-development-authority-consolidated-2024.pdf,data/legal-sources/library-markdown/statutes/urban-development-authority-act/urban-development-authority-consolidated-2024.md,pdftotext,,false,"eng,sin,tam",fallback-pdftotext,Docling failed with exit=3221225477; fallback text used; pages=34; non_ws_chars=55779.,2026-07-12T18:33:41+00:00
SRC035,statute,data/legal-sources/library/statutes/western-province-financial-statute/western-province-financial-statute-6-1990.pdf,data/legal-sources/library-markdown/statutes/western-province-financial-statute/western-province-financial-statute-6-1990.md,docling+documentai-ocr,2.112.0,true,"eng,sin,tam",converted,pages=84; non_ws_chars=112719; local_ocr_pages=0; document_ai_pages=84; mean_local_confidence=0.000,2026-07-16T12:57:57.608494+00:00
SRC024;SRC025,amendment;statute,data/legal-sources/library/statutes/wills-ordinance/wills-consolidated-2024.pdf,data/legal-sources/library-markdown/statutes/wills-ordinance/wills-consolidated-2024.md,docling,2.112.0,true,"eng,sin,tam",converted,Docling conversion; pages=4; non_ws_chars=5768; chars_per_page=1442.0.,2026-07-12T18:35:13+00:00
