"source_id","official_title","act_or_ordinance_no","year","source_type","topics","preferred_source_url","local_pdf_path","local_markdown_path","status","sha256","download_date","notes"
"SRC001","Prevention of Frauds Ordinance","7","1840","statute","01;05;06;17","https://lankalaw.net/wp-content/uploads/2025/03/Prevention-of-Frauds-Consolidated-2024.pdf","data/legal-sources/library/statutes/prevention-of-frauds-ordinance/prevention-of-frauds-consolidated-2024.pdf","","downloaded","b2d489a83ca491c97daf3a99bdf2a5191788ed00672791476717f872bc62b073","2026-07-12","Public consolidated PDF from LankaLaw, incorporating the 2024 amendment; not an original official publication."
"SRC002","Prevention of Frauds (Amendment) Act","30","2022","amendment","01;05;17","https://www.parliament.lk/uploads/acts/gbills/english/6268.pdf","data/legal-sources/library/amendments/prevention-of-frauds-amendment-act-30-2022/prevention-of-frauds-amendment-act-30-2022.pdf","","downloaded","c99ce0af7bbf683d8f8a7cd7647224c3420568d062a71a613e3ac4112083d3b2","2026-07-12","Official Parliament PDF."
"SRC003","Prevention of Frauds (Amendment) Act","4","2024","amendment","01;05;17","https://www.parliament.lk/uploads/acts/gbills/english/6330.pdf","data/legal-sources/library/amendments/prevention-of-frauds-amendment-act-4-2024/prevention-of-frauds-amendment-act-4-2024.pdf","","downloaded","6c98a2dd648c29fe70d6722ef29224907f61b472ed908da1b7ca66c941ff138f","2026-07-12","Official Parliament PDF."
"SRC004","Matrimonial Rights and Inheritance Ordinance","15","1876","statute","01;05;09","https://www.srilankalaw.lk/m/698-matrimonial-rights-and-inheritance-ordinance.html","","","needs-official-source","","","Consolidated text located on Laws of Sri Lanka; official PDF still needed."
"SRC005","Registration of Documents Ordinance","23","1927","statute","02;05;06;17","https://lankalaw.net/wp-content/uploads/2025/03/Registration-of-Documents-Consolidated-2024.pdf","data/legal-sources/library/statutes/registration-of-documents-ordinance/registration-of-documents-consolidated-2024.pdf","","downloaded","3afc74a9f96f6a12b70222c01fadb1d69f57f49d1bd9f0f7614bd3aa9b27a3c1","2026-07-12","Public consolidated PDF from LankaLaw, incorporating amendments through 2024; not an original official publication."
"SRC006","Registration of Documents (Amendment) Act","5","1990","amendment","02","https://documents.gov.lk/view/act/1990/3/05-1990_E.pdf","data/legal-sources/library/amendments/registration-of-documents-amendment-act-5-1990/registration-of-documents-amendment-act-5-1990.pdf","","downloaded","4bb187457aa3d29f22e822663f2d115f44cacee334f8e6b18ded986dcfe70f37","2026-07-12","Official Department of Government Printing PDF."
"SRC007","Registration of Documents (Amendment) Act","48","2011","amendment","02","https://www.rgd.gov.lk/web/images/ActsPDF/notary/Registration-of-Documents-Amendment-Act-E.pdf","data/legal-sources/library/amendments/registration-of-documents-amendment-act-48-2011/registration-of-documents-amendment-act-48-2011.pdf","","downloaded","954063768e349e725560945ea918c7a2f7418e597131b4c1b5909ef66c3112fc","2026-07-12","Official RGD PDF."
"SRC008","Registration of Documents (Amendment) Act","21","2013","amendment","02","https://documents.gov.lk/view/act/2013/4/21-2013_E.pdf","data/legal-sources/library/amendments/registration-of-documents-amendment-act-21-2013/registration-of-documents-amendment-act-21-2013.pdf","","downloaded","c0d0f2ebea8301f8f9a2dfcc7cddb853f0339ecc882b903256206d1826f73b6a","2026-07-12","Official Department of Government Printing PDF."
"SRC009","Registration of Documents (Amendment) Act","32","2022","amendment","02;05","https://www.rgd.gov.lk/web/images/ActsPDF/notary/2022-32E.pdf","data/legal-sources/library/amendments/registration-of-documents-amendment-act-32-2022/registration-of-documents-amendment-act-32-2022.pdf","","downloaded","4abbc638d0ae68e5dcd0a70f468f179fa95eb8e529357e6327d752301fecaf6c","2026-07-12","Official RGD PDF."
"SRC010","Registration of Documents Regulations","","1928","institution-guide","02","https://www.rgd.gov.lk/web/images/2021/Act/Notary/Regulations-Of-Documents-Registration.pdf","data/legal-sources/library/institution-guides/registration-of-documents-regulations/registration-of-documents-regulations.pdf","","downloaded","d921d6ead0ee16bfccfc4799cd8536afd486fc0a84ead81f4216d63ef7523124","2026-07-12","Official RGD PDF for regulations under the Registration of Documents Ordinance."
"SRC011","Registration of Title Act","21","1998","statute","03;07;17;20","https://www.rgd.gov.lk/web/images/ActsPDF/title/TR-Act-english-1998-no-21.pdf","data/legal-sources/library/statutes/registration-of-title-act/registration-of-title-act-21-1998.pdf","","downloaded","f7a88a514d48aab38af2b24d897ad5945ba08ee4315b97f441b9016cbe83c9ab","2026-07-12","Official RGD PDF."
"SRC012","Apartment Ownership Law","11","1973","statute","04;07;17;20","https://www.ccisrilanka.org/wp-content/uploads/2021/04/Apartment-Ownership-Law-No-11-of-1973.pdf","data/legal-sources/library/statutes/apartment-ownership-law/apartment-ownership-law-11-1973.pdf","","needs-official-source","e51bab3e7672a992bc566d15a90c23d36ba9cfa141e663db4b1976dbe57cd061","2026-07-12","Public PDF downloaded from CCI Sri Lanka; replace with official source when found."
"SRC013","Apartment Ownership (Special Provisions) Act","23","2018","amendment","04;17","https://documents.gov.lk/view/act/2018/8/23-2018_E.pdf","data/legal-sources/library/amendments/apartment-ownership-special-provisions-act-23-2018/apartment-ownership-special-provisions-act-23-2018.pdf","","downloaded","587d5b36757a94ca589b45fb6f0ccab9f3d72c018da3a1583e315994db6e3d88","2026-07-12","Official documents.gov.lk PDF."
"SRC014","Notaries Ordinance","1","1907","statute","05;06;08;17;20","https://www.rgd.gov.lk/web/images/ActsPDF/notary/Notaries-English.pdf","data/legal-sources/library/statutes/notaries-ordinance/notaries-ordinance-english.pdf","","downloaded","363103b9eef0c6587235d32806496c3b0a04082a90f2346a1176c7302f823fe5","2026-07-12","Official RGD PDF."
"SRC015","Notaries (Amendment) Act","31","2022","amendment","05;08;20","https://www.rgd.gov.lk/web/images/ActsPDF/notary/2022-31E.pdf","data/legal-sources/library/amendments/notaries-amendment-act-31-2022/notaries-amendment-act-31-2022.pdf","","downloaded","086e6eb8e78bcc438d84dc01453114312bdaa598bb5279994cf41b9a4dbc9f1e","2026-07-12","Official RGD PDF."
"SRC016","Notaries (Amendment) Act","6","2024","amendment","05;08;20","https://rgd.gov.lk/web/images/ActsPDF/notary/06-2024_E.pdf","data/legal-sources/library/amendments/notaries-amendment-act-6-2024/notaries-amendment-act-6-2024.pdf","","downloaded","5cea5ff3ce8fb69f48e519f378f190abe1b0bd5b59226b4ccab683e9f113d7cb","2026-07-12","Official RGD PDF."
"SRC017","Powers of Attorney Ordinance","4","1902","statute","05;13;17","https://www.rgd.gov.lk/web/images/ActsPDF/notary/powers-of-Attorney-English.pdf","data/legal-sources/library/statutes/powers-of-attorney-ordinance/powers-of-attorney-ordinance-english.pdf","","downloaded","ce62e477712433067b7110e21f8ea9424f389085ae5ae071b1beaa26f887b23a","2026-07-12","Official RGD PDF. Curriculum also mentions No. 21 of 1844; verify typo."
"SRC018","Powers of Attorney (Amendment) Act","14","2013","amendment","13","https://documents.gov.lk/view/act/2013/4/14-2013_E.pdf","data/legal-sources/library/amendments/powers-of-attorney-amendment-act-14-2013/powers-of-attorney-amendment-act-14-2013.pdf","","downloaded","52797a988e0a70f24ecb0b92913ec673f11ee4756ae03045552e8c059a4bb60e","2026-07-12","Official Department of Government Printing PDF."
"SRC019","Powers of Attorney (Amendment) Act","28","2022","amendment","13;17","https://www.rgd.gov.lk/web/images/ActsPDF/notary/2022-28E.pdf","data/legal-sources/library/amendments/powers-of-attorney-amendment-act-28-2022/powers-of-attorney-amendment-act-28-2022.pdf","","downloaded","b8d49820a7beba5ca406b5e891b04fa828ff8892e9356c8082baad607e5d047c","2026-07-12","Official RGD PDF."
"SRC020","Powers of Attorney (Amendment) Act","3","2024","amendment","13;17","https://www.parliament.lk/uploads/acts/gbills/english/6327.pdf","data/legal-sources/library/amendments/powers-of-attorney-amendment-act-3-2024/powers-of-attorney-amendment-act-3-2024.pdf","","downloaded","18bc22e65229ace7f0d05bfd32f87602a4a7c4328da8610cc878fb3cf7ba9a90","2026-07-12","Official Parliament PDF."
"SRC021","Land (Restrictions on Alienation) Act","38","2014","statute","05;09;20","https://www.rgd.gov.lk/web/images/ActsPDF/notary/2014-38E.pdf","data/legal-sources/library/statutes/land-restrictions-on-alienation-act/land-restrictions-on-alienation-act-38-2014.pdf","","downloaded","9a5a4f54a96ed52df61519cf91245a2081a2ab158ce8a670c32386f8ae3f367b","2026-07-12","Official RGD PDF."
"SRC022","Land (Restrictions on Alienation) (Amendment) Act","21","2018","amendment","05;09;20","https://www.rgd.gov.lk/web/images/ActsPDF/notary/2018-21E.pdf","data/legal-sources/library/amendments/land-restrictions-on-alienation-amendment-act-21-2018/land-restrictions-on-alienation-amendment-act-21-2018.pdf","","downloaded","00d6274e0c87d6e5512b4262aa27386f0c187527b91d0ec993f4e938f414aff6","2026-07-12","Official RGD PDF."
"SRC023","Tea and Rubber Estates (Control of Fragmentation) Act","2","1958","statute","05;09;20","","","","needs-official-source","","","Curriculum also says Tea Rubber and Coconut Estates in topic 9; verify official title and amendments."
"SRC024","Wills Ordinance","21","1844","statute","05;14;17","https://lankalaw.net/wp-content/uploads/2025/03/Wills-Consolidated-2024.pdf","data/legal-sources/library/statutes/wills-ordinance/wills-consolidated-2024.pdf","","downloaded","39b470a5782b1b8d9a17c6d89502f27efc7454e076d05aeb5645de050d2a9a2a","2026-07-12","Public consolidated PDF from LankaLaw, incorporating Acts No. 5 of 1993 and No. 29 of 2022; not an original official publication."
"SRC025","Wills (Amendment) Act","5","1993","amendment","14","https://lankalaw.net/wp-content/uploads/2025/03/Wills-Consolidated-2024.pdf","data/legal-sources/library/statutes/wills-ordinance/wills-consolidated-2024.pdf","","downloaded","39b470a5782b1b8d9a17c6d89502f27efc7454e076d05aeb5645de050d2a9a2a","2026-07-12","Public consolidated PDF from LankaLaw, incorporating Acts No. 5 of 1993 and No. 29 of 2022; not an original official publication."
"SRC026","Wills (Amendment) Act","29","2022","amendment","14","https://documents.gov.lk/view/act/2022/10/29-2022_E.pdf","data/legal-sources/library/amendments/wills-amendment-act-29-2022/wills-amendment-act-29-2022.pdf","","downloaded","8245cebb75c03cf3aa01747bb889cf2dc6ea9b2fc0cccf4580851f8cf566153f","2026-07-12","Official Department of Government Printing PDF."
"SRC027","Partition Law","21","1977","statute","05;17","https://lankalaw.net/wp-content/uploads/2025/03/Partition-Consolidated-2024.pdf","data/legal-sources/library/statutes/partition-law/partition-law-consolidated-2024.pdf","","downloaded","1fb6eff0e46372a5c6e0a62ef3c60e503848293e21c4c407d2e7037b3a932f4b","2026-07-12","Public consolidated PDF from LankaLaw; not an original official publication."
"SRC028","Rent Act","7","1972","statute","05;17","","","","needs-official-source","","","Official PDF still needed."
"SRC029","Evidence Ordinance","","0","statute","05","https://lankalaw.net/wp-content/uploads/2025/03/Evidence-Ordinance-Consolidated-2024.pdf","data/legal-sources/library/statutes/evidence-ordinance/evidence-ordinance-consolidated-2024.pdf","","downloaded","10e837e1127d9f8d3d32b29cf20b149aa994441e3c881c8993b54c41d92af23b","2026-07-12","Public consolidated PDF from LankaLaw, incorporating amendments through 2024; not an original official publication."
"SRC030","Civil Procedure Code","2","1889","statute","05;09;17","https://lankalaw.net/wp-content/uploads/2024/09/Consolidated-Civil-Procedure-Code-upto-Act-No.-43-of-2024.pdf","data/legal-sources/library/statutes/civil-procedure-code/civil-procedure-code-consolidated-2024.pdf","","downloaded","346de5619a63bcf8a00da25885c01b8ad383a35a4d60cfd18363298f4170241b","2026-07-12","Public consolidated PDF from LankaLaw, incorporating amendments through Act No. 43 of 2024; not an original official publication."
"SRC031","Companies Act","7","2007","statute","05;09","https://www.drc.gov.lk/en/wp-content/uploads/2018/04/Act-7-of-2007-English.pdf","data/legal-sources/library/statutes/companies-act/companies-act-7-2007.pdf","","downloaded","6fc7b6b36b00c786ba0b12386e4808a8f6c29fca353f00f72a5407a614d35a6a","2026-07-12","Official Department of Registrar of Companies PDF."
"SRC032","Companies Act Amendments","","0","amendment","05;09","https://www.drc.gov.lk/en/wp-content/uploads/2020/05/Companies-Act-Amendment-English.pdf","data/legal-sources/library/amendments/companies-act-amendments/companies-act-amendments-english.pdf","","downloaded","681948753de7370729cb4928aa6ca2c42d3390d37574b073a4b5fab8375ca798","2026-07-12","Official Department of Registrar of Companies PDF."
"SRC033","Land Reform Law","1","1972","statute","05;12;20","","","","needs-official-source","","","Official PDF still needed."
"SRC034","Stamp Duty Act","43","1982","statute","05;07;17;20","https://www.ird.gov.lk/en/Type%20of%20Taxes/Stamp%20Duty_Acts/SDActNo.43%5BE%5D1982.pdf","data/legal-sources/library/statutes/stamp-duty-act/stamp-duty-act-43-1982.pdf","","downloaded","f31dc480fef97a04f06dfc7bfda92ce1278bd710a4844c5c96aec53aec540d7d","2026-07-12","Official Inland Revenue Department PDF."
"SRC035","Western Province Financial Statute","6","1990","statute","05;07;20","","","","needs-official-source","","","Province-specific source still needed."
"SRC036","Provincial Financial Statutes and stamp-duty gazettes","","0","gazette","07","","","","needs-official-source","","","Need current province-specific rates and procedures."
"SRC037","Revocation of Irrevocable Deeds of Gift on the Ground of Gross Ingratitude Act","5","2017","statute","09","https://documents.gov.lk/view/act/2017/4/05-2017_E.pdf","data/legal-sources/library/statutes/revocation-of-irrevocable-deeds-of-gift/revocation-of-irrevocable-deeds-of-gift-act-5-2017.pdf","","downloaded","a263ef357d12d132af5825251acbae280702daa2586d82bc17090a8f1f407a55","2026-07-12","Official Department of Government Printing PDF. Corrected curriculum/registry act number from 7 to 5."
"SRC038","Land Registers (Reconstructed Folios) Act","18","1945","statute","09","https://lankalaw.net/wp-content/uploads/2024/03/lrf138424.pdf","data/legal-sources/library/statutes/land-registers-reconstructed-folios-act/land-registers-reconstructed-folios-consolidated.pdf","","downloaded","c3ab4c4548fa13098d04e884caa01d269b6564b68f0b9a26885517e9d4cc4c24","2026-07-12","Public consolidated PDF from LankaLaw; not an original official publication."
"SRC039","Urban Development Authority Act","41","1978","statute","09;16","https://lankalaw.net/wp-content/uploads/2025/03/Urban-Development-Authority-Consolidated-2024.pdf","data/legal-sources/library/statutes/urban-development-authority-act/urban-development-authority-consolidated-2024.pdf","","downloaded","0c37cc974c09180c1c0271d2ae382fafc3ac97ddf811e639a1e7383f51652162","2026-07-12","Public consolidated PDF from LankaLaw; not an original official publication."
"SRC040","Surveyors Ordinance","15","1889","statute","09","","","","needs-official-source","","","Official PDF still needed."
"SRC041","Town and Country Planning Ordinance","13","1946","statute","09;16","","","","needs-official-source","","","Official PDF still needed."
"SRC042","Urban Councils Ordinance","1","1939","statute","09;16","https://lankalaw.net/wp-content/uploads/2025/03/Urban-Councils-Consolidated-2024.pdf","data/legal-sources/library/statutes/urban-councils-ordinance/urban-councils-consolidated-2024.pdf","","downloaded","08ddf1414f3e106ce615cf85af37db3b5d6a728a566dbcf2a82e0d133b69fb31","2026-07-12","Public consolidated PDF from LankaLaw; not an original official publication."
"SRC043","Survey Act","17","2002","statute","09","","","","needs-official-source","","","Official PDF still needed."
"SRC044","Bank of Ceylon Ordinance","53","1938","statute","09","","","","needs-official-source","","","Official PDF still needed."
"SRC045","Matrimonial Rights and Inheritance (Jaffna) Ordinance","58","1947","statute","10","https://lankalaw.net/wp-content/uploads/2024/03/mrai70396.pdf","data/legal-sources/library/statutes/matrimonial-rights-and-inheritance-jaffna-ordinance/matrimonial-rights-and-inheritance-jaffna-consolidated.pdf","","downloaded","754e2f4d39d4904247d9a232688593dff96d7d5bf624f6a1c1f9470346f49a27","2026-07-12","Public consolidated PDF from LankaLaw; not an original official publication. Historical title and numbering still require curriculum reconciliation."
"SRC046","Tesawalamai Pre-emption Ordinance","1","1911","statute","10","","","","needs-official-source","","","Official PDF still needed."
"SRC047","Kandyan Succession Ordinance","32","1971","statute","10","","","","needs-official-source","","","Official PDF still needed."
"SRC048","Muslim Intestate Succession Ordinance","33","1939","statute","10","","","","needs-official-source","","","Official PDF still needed."
"SRC049","Buddhist Temporalities Ordinance","19","1931","statute","11;20","https://lankalaw.net/wp-content/uploads/2025/03/Buddhist-Temporalities-Consolidated-2024.pdf","data/legal-sources/library/statutes/buddhist-temporalities-ordinance/buddhist-temporalities-consolidated-2024.pdf","","downloaded","659640e2e93614d5b5d6850d712cf32acf0a832a7a394db92e5f3ff42f08f830","2026-07-12","Public consolidated PDF from LankaLaw; not an original official publication."
"SRC050","Land Development Ordinance","19","1935","statute","12;20","https://lankalaw.net/wp-content/uploads/2025/03/Land-Development-Consolidated-2024.pdf","data/legal-sources/library/statutes/land-development-ordinance/land-development-consolidated-2024.pdf","","downloaded","54f3cf7f46b50e6556d7eecb432689d5a53099f80f30bc451c9a04a1e5c77b30","2026-07-12","Public consolidated PDF from LankaLaw; not an original official publication."
"SRC051","Land Acquisition Act","9","1950","statute","12","","","","needs-official-source","","","Official PDF still needed."
"SRC052","Land Grants (Special Provisions) Act","43","1979","statute","12","","","","needs-official-source","","","Official PDF still needed."
"SRC053","Definition of Boundaries Ordinance","1","1844","statute","12","","","","needs-official-source","","","Official PDF still needed."
"SRC054","Land Settlement Ordinance","20","1931","statute","12","","","","needs-official-source","","","Official PDF still needed."
"SRC055","Land Surveys Ordinance","4","1866","statute","12","","","","needs-official-source","","","Official PDF still needed."
"SRC056","State Lands Ordinance","8","1947","statute","12","","","","needs-official-source","","","Official PDF still needed."
"SRC057","State Lands (Claims) Ordinance","21","1931","statute","12","","","","needs-official-source","","","Official PDF still needed."
"SRC058","State Lands Encroachments Ordinance","12","1840","statute","12","","","","needs-official-source","","","Official PDF still needed."
"SRC059","Trusts Ordinance","9","1917","statute","15","","","","needs-official-source","","","Official PDF still needed."
"SRC060","Trusts (Amendment) Act","6","2018","amendment","15","https://www.rgd.gov.lk/web/images/ActsPDF/notary/Trusts-Amendment-English.pdf","data/legal-sources/library/amendments/trusts-amendment-act-6-2018/trusts-amendment-act-6-2018.pdf","","downloaded","46c0898b5a0b01c9384221fcf3ab030c3e5875d256b1c2c097fedd7a225cf951","2026-07-12","Official RGD PDF."
"SRC061","Municipal Councils Ordinance","29","1947","statute","16","https://lankalaw.net/wp-content/uploads/2025/03/Municipal-Councils-Consolidated-2024.pdf","data/legal-sources/library/statutes/municipal-councils-ordinance/municipal-councils-consolidated-2024.pdf","","downloaded","b5204e04a549afa0119beec513a1628fbd903e24fd24cea5f82f149e43027c3e","2026-07-12","Public consolidated PDF from LankaLaw; not an original official publication."
"SRC062","Pradeshiya Sabha Act","15","1987","statute","16","https://lankalaw.net/wp-content/uploads/2025/03/Pradeshiya-Sabhas-Consolidated-2024.pdf","data/legal-sources/library/statutes/pradeshiya-sabha-act/pradeshiya-sabhas-consolidated-2024.pdf","","downloaded","0455fc0be975e5c5a88cc5c9a23035935a653e326452d22f4b2f19b008800694","2026-07-12","Public consolidated PDF from LankaLaw; not an original official publication."
"SRC063","Local authority by-laws and gazettes","","0","gazette","16","","","","needs-official-source","","","Area-specific material needed later."
"SRC064","Mortgage Act","6","1949","statute","17","https://lankalaw.net/wp-content/uploads/2025/03/Mortgage-Act-Consolidated-2024.pdf","data/legal-sources/library/statutes/mortgage-act/mortgage-act-consolidated-2024.pdf","","downloaded","ac6b3cd58f20e73d6b78f30b19c7c2203e982d8a0725b65882257af4fc4ae179","2026-07-12","Public consolidated PDF from LankaLaw; not an original official publication."
"SRC065","Partnership-related law","","0","statute","17","","","","needs-manual-review","","","Needed only if partnership deed source is kept in Draftly scope."
"SRC066","New Law Reports","","0","case-law","19","https://lankalaw.net/case-laws/new-law-reports/","","","needs-official-source","","","Use for topic-wise case index; official/public source strategy still needed."
"SRC067","Sri Lanka Law Reports","","0","case-law","19","","","","needs-official-source","","","Use for topic-wise case index; official/public source strategy still needed."
