source_id,official_title,year,aliases
SRC001,Prevention of Frauds Ordinance,1840,
SRC002,Prevention of Frauds (Amendment) Act,2022,
SRC003,Prevention of Frauds (Amendment) Act,2024,
SRC004,Matrimonial Rights and Inheritance Ordinance,1876,
SRC005,Registration of Documents Ordinance,1927,
SRC006,Registration of Documents (Amendment) Act,1990,
SRC007,Registration of Documents (Amendment) Act,2011,
SRC008,Registration of Documents (Amendment) Act,2013,
SRC009,Registration of Documents (Amendment) Act,2022,
SRC011,Registration of Title Act,1998,
SRC012,Apartment Ownership Law,1973,
SRC013,Apartment Ownership (Special Provisions) Act,2018,
SRC014,Notaries Ordinance,1907,
SRC015,Notaries (Amendment) Act,2022,
SRC016,Notaries (Amendment) Act,2024,
SRC017,Powers of Attorney Ordinance,1902,
SRC018,Powers of Attorney (Amendment) Act,2013,
SRC019,Powers of Attorney (Amendment) Act,2022,
SRC020,Powers of Attorney (Amendment) Act,2024,
SRC021,Land (Restrictions on Alienation) Act,2014,
SRC022,Land (Restrictions on Alienation) (Amendment) Act,2018,
SRC023,Tea and Rubber Estates (Control of Fragmentation) Act,1958,
SRC024,Wills Ordinance,1844,
SRC025,Wills (Amendment) Act,1993,
SRC026,Wills (Amendment) Act,2022,
SRC027,Partition Law,1977,"partition ordinance,partition act"
SRC028,Rent Act,1972,
SRC029,Evidence Ordinance,0,
SRC030,Civil Procedure Code,1889,
SRC031,Companies Act,2007,
SRC032,Companies Act Amendments,0,
SRC033,Land Reform Law,1972,
SRC034,Stamp Duty Act,1982,
SRC035,Western Province Financial Statute,1990,
SRC037,Revocation of Irrevocable Deeds of Gift on the Ground of Gross Ingratitude Act,2017,
SRC038,Land Registers (Reconstructed Folios) Act,1945,
SRC039,Urban Development Authority Act,1978,
SRC040,Surveyors Ordinance,1889,
SRC041,Town and Country Planning Ordinance,1946,
SRC042,Urban Councils Ordinance,1939,
SRC043,Survey Act,2002,
SRC044,Bank of Ceylon Ordinance,1938,
SRC045,Matrimonial Rights and Inheritance (Jaffna) Ordinance,1947,
SRC046,Tesawalamai Pre-emption Ordinance,1947,
SRC047,Kandyan Succession Ordinance,1917,
SRC048,Muslim Intestate Succession Ordinance,1931,
SRC049,Buddhist Temporalities Ordinance,1931,
SRC050,Land Development Ordinance,1935,
SRC051,Land Acquisition Act,1950,
SRC052,Land Grants (Special Provisions) Act,1979,
SRC053,Definition of Boundaries Ordinance,1844,
SRC054,Land Settlement Ordinance,1931,
SRC055,Land Surveys Ordinance,1866,
SRC056,State Lands Ordinance,1947,
SRC057,State Lands (Claims) Ordinance,1931,
SRC058,State Lands Encroachments Ordinance,1840,
SRC059,Trusts Ordinance,1917,
SRC060,Trusts (Amendment) Act,2018,
SRC061,Municipal Councils Ordinance,1947,
SRC062,Pradeshiya Sabha Act,1987,
SRC064,Mortgage Act,1949,mortgage ordinance
SRC065,Partnership Ordinance,1866,
SRC068,Stamp Duty (Special Provisions) Act,2006,
SRC069,Stamp Duty (Special Provisions) (Amendment) Act,2008,
SRC070,Execution of Deeds Ordinance,1852,
SRC071,Prescription Ordinance,1871,
SRC072,Nindagama Lands Act,1968,
SRC073,Local Authorities Housing Act,1964,
SRC074,State Mortgage and Investment Bank Law,1975,
SRC075,National Housing Development Authority Act,1979,
SRC076,National Housing Act,1954,
SRC077,Registration of Old Deeds and Instruments Ordinance,1947,
SRC078,Sannases and Old Deeds Ordinance,1866,
SRC079,Lands Resumption Ordinance,1887,
SRC080,People's Bank Act,1961,
