source_id,official_title,proposed_acronym,collision
SRC001,Prevention of Frauds Ordinance,pfo,none
SRC004,Matrimonial Rights and Inheritance Ordinance,mrio,none
SRC005,Registration of Documents Ordinance,rdo,none
SRC011,Registration of Title Act,rta,none
SRC012,Apartment Ownership Law,aol,none
SRC014,Notaries Ordinance,no,none
SRC017,Powers of Attorney Ordinance,pao,none
SRC021,Land (Restrictions on Alienation) Act,lroaa,none
SRC023,Tea and Rubber Estates (Control of Fragmentation) Act,trecfa,none
SRC024,Wills Ordinance,wo,none
SRC027,Partition Law,pl,none
SRC028,Rent Act,ra,none
SRC029,Evidence Ordinance,eo,none
SRC030,Civil Procedure Code,cpc,none
SRC031,Companies Act,ca,none
SRC033,Land Reform Law,lrl,none
SRC034,Stamp Duty Act,sda,none
SRC035,Western Province Financial Statute,wpfs,none
SRC038,Land Registers (Reconstructed Folios) Act,lrrfa,none
SRC039,Urban Development Authority Act,udaa,none
SRC040,Surveyors Ordinance,so,none
SRC041,Town and Country Planning Ordinance,tcpo,none
SRC042,Urban Councils Ordinance,uco,none
SRC043,Survey Act,sa,none
SRC044,Bank of Ceylon Ordinance,bco,none
SRC045,Matrimonial Rights and Inheritance (Jaffna) Ordinance,mrijo,none
SRC046,Tesawalamai Pre-emption Ordinance,tpeo,none
SRC047,Kandyan Succession Ordinance,kso,none
SRC048,Muslim Intestate Succession Ordinance,miso,none
SRC049,Buddhist Temporalities Ordinance,bto,none
SRC050,Land Development Ordinance,ldo,none
SRC051,Land Acquisition Act,laa,none
SRC052,Land Grants (Special Provisions) Act,lgspa,none
SRC053,Definition of Boundaries Ordinance,dbo,none
SRC054,Land Settlement Ordinance,lso,none
SRC056,State Lands Ordinance,slo,none
SRC057,State Lands (Claims) Ordinance,slco,none
SRC059,Trusts Ordinance,to,none
SRC061,Municipal Councils Ordinance,mco,none
SRC062,Pradeshiya Sabha Act,psa,none
SRC064,Mortgage Act,ma,none
SRC065,Partnership Ordinance,po,SRC071
SRC068,Stamp Duty (Special Provisions) Act,sdspa,none
SRC070,Execution of Deeds Ordinance,edo,none
SRC071,Prescription Ordinance,po,SRC065
SRC072,Nindagama Lands Act,nla,none
SRC073,Local Authorities Housing Act,laha,none
SRC074,State Mortgage and Investment Bank Law,smibl,none
SRC075,National Housing Development Authority Act,nhdaa,none
SRC076,National Housing Act,nha,none
SRC077,Registration of Old Deeds and Instruments Ordinance,rodio,none
SRC079,Lands Resumption Ordinance,lro,none
SRC080,People's Bank Act,psba,none
