case_id,rule_id,citation,source_id,section_number,band,reason,resolver_path,lawyer_verdict,notes
commonlii-LKCA-1952-70,draftly-rule-commonlii-LKCA-1952-70-1,"Registration of Documents Ordinance (Cap. 101), s. 12 (1); Partition Ordinance (Cap. 56), ss. 3, 9, 17.",SRC005,3,review,multiple-acts-in-citation:SRC005-vs-SRC027,multi-act-or-mismatch,,
commonlii-LKCA-1952-70,draftly-rule-commonlii-LKCA-1952-70-1,"Registration of Documents Ordinance (Cap. 101), s. 12 (1); Partition Ordinance (Cap. 56), ss. 3, 9, 17.",SRC005,12,review,multiple-acts-in-citation:SRC005-vs-SRC027,multi-act-or-mismatch,,
commonlii-LKCA-1936-8,draftly-rule-commonlii-LKCA-1936-8-1,"Civil Procedure Code, s. 539 (c) - Evidence Ordinance, s. 63",SRC030,539,review,multiple-acts-in-citation:SRC029-vs-SRC030,multi-act-or-mismatch,,
commonlii-LKCA-2005-20,draftly-rule-commonlii-LKCA-2005-20-1,Section 48(3) of the Partition Law overrides section 44 of the Evidence Ordinance; accordingly even a judgment obtained by fraud or collusion would have the final and conclusive effect provided by sec,SRC029,44,review,multiple-acts-in-citation:SRC027-vs-SRC029,multi-act-or-mismatch,,
commonlii-LKCA-1958-30,draftly-rule-commonlii-LKCA-1958-30-1,"section 18 of the Civil Procedure Code or section 16 of the Mortgage Act, No.6 of 1949",SRC030,16,review,multiple-acts-in-citation:SRC030-vs-SRC064,multi-act-or-mismatch,,
commonlii-LKCA-1968-12,draftly-rule-commonlii-LKCA-1968-12-1,Section 48 (1) of the Mortgage Act (Cap. 89). Section 85 of the Civil Procedure Code.,SRC030,85,review,multiple-acts-in-citation:SRC030-vs-SRC064,multi-act-or-mismatch,,
commonlii-LKCA-1936-8,draftly-rule-commonlii-LKCA-1936-8-1,"Civil Procedure Code, s. 539 (c) - Evidence Ordinance, s. 63",SRC030,63,review,multiple-acts-in-citation:SRC029-vs-SRC030,multi-act-or-mismatch,,
commonlii-LKCA-1973-31,draftly-rule-commonlii-LKCA-1973-31-1,Section 26 (1) of the Partition Act; Section 79 of the Partition Act; Section 188 of the Civil Procedure Code.,SRC030,79,review,multiple-acts-in-citation:SRC027-vs-SRC030,multi-act-or-mismatch,,
commonlii-LKCA-1951-6,draftly-rule-commonlii-LKCA-1951-6-1,Section 472 of the Civil Procedure Code and Section 13 of the Prescription Ordinance,SRC071,13,review,multiple-acts-in-citation:SRC030-vs-SRC071,multi-act-or-mismatch,,
commonlii-LKCA-1958-22,draftly-rule-commonlii-LKCA-1958-22-1,Section 208 and 209 of the Civil Procedure Code relating to the recovery of costs of execution are applicable to proceedings under the Partition Act.,SRC030,209,review,multiple-acts-in-citation:SRC027-vs-SRC030,multi-act-or-mismatch,,
commonlii-LKCA-1957-19,draftly-rule-commonlii-LKCA-1957-19-1,"Section 34 of the Buddhist Temporalities Ordinance reads as follows :- "" In the case of any claim for the recovery of any property, movable or immovable, belonging or alleged to belong to any temple, ",SRC049,34,review,multiple-acts-in-citation:SRC049-vs-SRC071,multi-act-or-mismatch,,
commonlii-LKSC-1993-19,draftly-rule-commonlii-LKSC-1993-19-1,section 120(1) of the Evidence Ordinance and the second proviso to section 175(1) of the Civil Procedure Code,SRC030,120,review,multiple-acts-in-citation:SRC029-vs-SRC030,multi-act-or-mismatch,,
commonlii-LKCA-1918-52,draftly-rule-commonlii-LKCA-1918-52-1,"Section 44 of the Evidence Ordinance, No. 14 of 1895; Section 2 of the Partition Ordinance, No. 10 of 1863.",SRC027,2,review,multiple-acts-in-citation:SRC027-vs-SRC029,multi-act-or-mismatch,,
commonlii-LKCA-1939-61,draftly-rule-commonlii-LKCA-1939-61-1,section 2 of Ordinance No. 7 of 1840 or Ordinance No. 17 of 1852,SRC001,2,review,multiple-acts-in-citation:SRC001-vs-SRC070,multi-act-or-mismatch,,
commonlii-LKCA-2005-20,draftly-rule-commonlii-LKCA-2005-20-1,Section 48(3) of the Partition Law overrides section 44 of the Evidence Ordinance; accordingly even a judgment obtained by fraud or collusion would have the final and conclusive effect provided by sec,SRC029,48,review,multiple-acts-in-citation:SRC027-vs-SRC029,multi-act-or-mismatch,,
commonlii-LKCA-1961-12,draftly-rule-commonlii-LKCA-1961-12-1,"Civil Procedure Code, ss. 84, 85, 86, 188, 192, 206, 207.",SRC030,86,verified,act+section+echo,name-alias-path,,
commonlii-LKCA-1905-20,draftly-rule-commonlii-LKCA-1905-20-1,"Civil Procedure Code, ss. 283, 284 and 285.",SRC030,285,verified,act+section+echo,name-alias-path,,
commonlii-LKCA-1965-60,draftly-rule-commonlii-LKCA-1965-60-1,"Section 48(1) of the Partition Act, which provides: 'Every decree for partition or sale under this Act shall be good and conclusive against all persons whomsoever, subject to the decision on any appea",SRC027,48,verified,act+section+echo,name-alias-path,,
commonlii-LKCA-1903-23,draftly-rule-commonlii-LKCA-1903-23-1,"Civil Procedure Code, s. 9.",SRC030,9,verified,act+section+echo,name-alias-path,,
commonlii-LKCA-1906-28,draftly-rule-commonlii-LKCA-1906-28-1,"section 352 of our Civil Procedure Code is practically the same as section 295 of the Indian Code, and section 238 of our Code the same as section 276 of the Indian Code.",SRC030,238,verified,act+section+echo,name-alias-path,,
commonlii-LKSC-1965-30,draftly-rule-commonlii-LKSC-1965-30-1,"Mortgage Act, ss. 5, 16, 34, 35, 36, 54, 55",SRC064,55,verified,act+section+echo,name-alias-path,,
commonlii-LKCA-1945-6,draftly-rule-commonlii-LKCA-1945-6-1,"Civil Procedure Code, ss. 597, 602, 604, 607",SRC030,597,verified,act+section+echo,name-alias-path,,
commonlii-LKCA-1907-30,draftly-rule-commonlii-LKCA-1907-30-1,"Civil Procedure Code, ss. 337 and 347.",SRC030,347,verified,act+section+echo,name-alias-path,,
commonlii-LKCA-1958-61,draftly-rule-commonlii-LKCA-1958-61-1,Section 9 of the Prescription Ordinance (Cap. 55),SRC071,9,verified,act+section+echo,name-alias-path,,
commonlii-LKCA-1919-18,draftly-rule-commonlii-LKCA-1919-18-1,section 344 of the Civil Procedure Code,SRC030,344,verified,act+section+echo,name-alias-path,,
commonlii-LKCA-1957-36,draftly-rule-commonlii-LKCA-1957-36-1,"[1 Section 10, Prescription Ordinance. Ahamado Lebbe et al. v. Adam Bawa et al., 3 A. C. R. 1]",SRC071,10,verified,act+section+echo,name-alias-path,,
commonlii-LKCA-1955-77,draftly-rule-commonlii-LKCA-1955-77-1,s. 8 of the Prescription Ordinance,SRC071,8,verified,act+section+echo,name-alias-path,,
commonlii-LKCA-1938-37,draftly-rule-commonlii-LKCA-1938-37-1,section 6 of the Prescription Ordinance,SRC071,6,verified,act+section+echo,name-alias-path,,
commonlii-LKCA-1941-47,draftly-rule-commonlii-LKCA-1941-47-1,Section 6 of the Registration of Documents Ordinance and Section 8 of the Encroachments upon Crown Lands Ordinance (Cap. 231),SRC005,8,verified,act+section+echo,name-alias-path,,
commonlii-LKCA-1954-31,draftly-rule-commonlii-LKCA-1954-31-1,"Civil Procedure Code, ss. 50, 51, 102, 103, 104, 105, 106, 109.",SRC030,109,verified,act+section+echo,name-alias-path,,
commonlii-LKCA-1899-25,draftly-rule-commonlii-LKCA-1899-25-1,"Matrimonial Rights and Inheritance Ordinance No.15 of 1876, s. 19",SRC004,19,verified,act+section+echo,number-plus-year-path,,
commonlii-LKCA-1921-8,draftly-rule-commonlii-LKCA-1921-8-1,Ordinance No. 7 of 1840 or the amending Ordinance Ho. 17 of 1852,SRC001,,review,act-matched-no-section,number-plus-year-path,,
commonlii-LKCA-1936-11,draftly-rule-commonlii-LKCA-1936-11-1,"section 756 of the Civil Procedure Code, amended by section 2 of Ordinance No. 42 of 1921.",SRC030,756,verified,act+section+echo,number-plus-year-path,,
commonlii-LKCA-1932-8,draftly-rule-commonlii-LKCA-1932-8-1,Section 13 of Ordinance No. 22 of 1871,SRC071,13,verified,act+section+echo,number-plus-year-path,,
commonlii-LKCA-1919-57,draftly-rule-commonlii-LKCA-1919-57-1,section 2 of Ordinance No. 7 of 1840,SRC001,2,verified,act+section+echo,number-plus-year-path,,
commonlii-LKCA-1925-44,draftly-rule-commonlii-LKCA-1925-44-1,"Municipal Councils Ordinance-Purchase of land by Council-Certificate of title-Conclusive evidence-Ordinance No. 6 of 1910, s. 146.",SRC061,146,verified,act+section+echo,number-plus-year-path,,
commonlii-LKCA-1937-76,draftly-rule-commonlii-LKCA-1937-76-1,Section 6 of Ordinance No. 22 of 1871,SRC071,6,verified,act+section+echo,number-plus-year-path,,
commonlii-LKCA-1896-23,draftly-rule-commonlii-LKCA-1896-23-1,"Ordinance No. 22 of 1871, s. 3",SRC071,3,verified,act+section+echo,number-plus-year-path,,
commonlii-LKCA-1930-79,draftly-rule-commonlii-LKCA-1930-79-1,Section 93 of Ordinance No. 9 of 1917,SRC059,93,verified,act+section+echo,number-plus-year-path,,
commonlii-LKCA-1920-44,draftly-rule-commonlii-LKCA-1920-44-1,Section 7 of Ordinance No. 22 of 1871 or null,SRC071,7,verified,act+section+echo,number-plus-year-path,,
commonlii-LKCA-1929-75,draftly-rule-commonlii-LKCA-1929-75-1,"""section 1 of Ordinance No. 21 of 1844""",SRC024,1,verified,act+section+echo,number-plus-year-path,,
commonlii-LKCA-1932-60,draftly-rule-commonlii-LKCA-1932-60-1,"Ordinance No. 22 of 1871, s. 8.",SRC071,8,verified,act+section+echo,number-plus-year-path,,
commonlii-LKCA-1909-65,draftly-rule-commonlii-LKCA-1909-65-1,"Ordinance No. 22 of 1871, ss. 8 and 9",SRC071,8,verified,act+section+echo,number-plus-year-path,,
commonlii-LKCA-1911-110,draftly-rule-commonlii-LKCA-1911-110-1,section 2 of Ordinance No. 7 of 1840,SRC001,2,verified,act+section+echo,number-plus-year-path,,
commonlii-LKCA-1933-9,draftly-rule-commonlii-LKCA-1933-9-1,"Ordinance No. 22 of 1871, ss. 8 and 9",SRC071,8,verified,act+section+echo,number-plus-year-path,,
