source_id,official_title,act_number,year,section_count,verification_status,source_error_count
SRC001,Prevention of Frauds Ordinance,7,1840,19,unverified,0
SRC004,Matrimonial Rights and Inheritance Ordinance,15,1876,36,unverified,0
SRC005,Registration of Documents Ordinance,23,1927,42,unverified,0
SRC011,Registration of Title Act,21,1998,75,unverified,0
SRC012,Apartment Ownership Law,11,1973,21,unverified,0
SRC014,Notaries Ordinance,1,1907,43,unverified,0
SRC017,Powers of Attorney Ordinance,4,1902,4,unverified,0
SRC021,Land (Restrictions on Alienation) Act,38,2014,26,unverified,0
SRC023,Tea and Rubber Estates (Control of Fragmentation) Act,2,1958,24,unverified,0
SRC024,Wills Ordinance,21,1844,9,unverified,0
SRC027,Partition Law,21,1977,88,unverified,0
SRC028,Rent Act,7,1972,52,unverified,0
SRC029,Evidence Ordinance,,0,179,unverified,0
SRC030,Civil Procedure Code,2,1889,801,unverified,0
SRC031,Companies Act,7,2007,534,unverified,0
SRC033,Land Reform Law,1,1972,83,unverified,0
SRC034,Stamp Duty Act,43,1982,75,unverified,0
SRC035,Western Province Financial Statute,6,1990,124,unverified,0
SRC038,Land Registers (Reconstructed Folios) Act,18,1945,9,unverified,0
SRC039,Urban Development Authority Act,41,1978,48,unverified,0
SRC040,Surveyors Ordinance,15,1889,17,unverified,0
SRC041,Town and Country Planning Ordinance,13,1946,77,unverified,0
SRC042,Urban Councils Ordinance,1,1939,256,unverified,0
SRC043,Survey Act,17,2002,5,unverified,0
SRC044,Bank of Ceylon Ordinance,53,1938,81,unverified,0
SRC045,Matrimonial Rights and Inheritance (Jaffna) Ordinance,58,1947,39,unverified,0
SRC048,Muslim Intestate Succession Ordinance,10,1931,4,unverified,0
SRC049,Buddhist Temporalities Ordinance,19,1931,42,unverified,0
SRC050,Land Development Ordinance,19,1935,145,unverified,0
SRC051,Land Acquisition Act,9,1950,68,unverified,0
SRC052,Land Grants (Special Provisions) Act,43,1979,19,unverified,0
SRC053,Definition of Boundaries Ordinance,1,1844,13,unverified,0
SRC054,Land Settlement Ordinance,20,1931,33,unverified,0
SRC056,State Lands Ordinance,8,1947,100,unverified,0
SRC059,Trusts Ordinance,9,1917,123,unverified,0
SRC061,Municipal Councils Ordinance,29,1947,341,unverified,0
SRC062,Pradeshiya Sabha Act,15,1987,225,unverified,0
SRC064,Mortgage Act,6,1949,126,unverified,0
SRC065,Partnership Ordinance,21,1866,7,unverified,0
SRC068,Stamp Duty (Special Provisions) Act,12,2006,37,unverified,0
SRC071,Prescription Ordinance,22,1871,15,unverified,0
SRC074,State Mortgage and Investment Bank Law,13,1975,69,unverified,0
SRC076,National Housing Act,37,1954,30,unverified,0
SRC080,People's Bank Act,29,1961,72,unverified,0
