source_id,section_number,heading
SRC012,1,Short title
SRC012,2,Application of law
SRC012,3,Application for registration for Condominium Plans
SRC012,4,Instrument affecting land
SRC012,5,Condominium Plan
SRC012,6,Registration of Condominium Plans and Plans of re-division or amalgamation and appeals against refusals
SRC012,7,Volumes and registers kept by the Registrar under this Law
SRC012,8,Amendment of registered Condominium Plans and Plans of redivision or amalgamation
SRC012,9,Effect of registration of Condominium Plan
SRC012,10,Registration of deed or instrument affecting a unit
SRC012,11,Shares in common elements of the Property
SRC012,12,Redivision or amalgamation of units
SRC012,13,Servitudes
SRC012,14,Ancillary rights and. obligations implied
SRC012,15,"Management &c, by Common Amenities Board"
SRC012,16,Owners of units may form themselves into associations
SRC012,17,"Board may transfer the control maintenance, &c., of common elements to owners of units"
SRC012,18,Insurance
SRC012,19,Duties of owners and occupiers
SRC012,20,Termination of Condominium
SRC012,21,offences and penalties
SRC012,22,Repeal
SRC012,23,Provisions of Partition Act not to apply in certain cases
SRC012,24,Regulations
SRC012,25,This Law to prevail over other law
SRC012,26,Interpretation
SRC075,1,Short title and date of operation.
SRC075,2,Establishment of the National Development Authority.
SRC075,3,Members of the Authority.
SRC075,4,Objects of the Authority.
SRC075,5,Powers and functions of the Authority.
SRC075,6,Compulsory acquisition of land.
SRC075,7,State property both movable and immovable to be made available to the Authority.
SRC075,8,"Right of alienation of land, flat, house or other living accommodation."
SRC075,9,Restrictions as to purchase.
SRC075,10,"Implied condition as to flats, houses or other living accommodation or lands."
SRC075,11,No action to lie in respect of the cancellation or determination of an instrument.
SRC075,12,Disqualification from membership.
SRC075,13,Resignation of appointed members of the Authority.
SRC075,14,Powers of Minister to remove an appointed member.
SRC075,15,Period of office of appointed member.
SRC075,16,Eligibility for reappointment as appointed members.
SRC075,17,Remuneration of members.
SRC075,18,Period of office of Chairman.
SRC075,19,Quorum.
SRC075,20,Member to disclose interest to the Authority.
SRC075,21,Acts not invalidated by reason of vacancy.
SRC075,22,Seal of Authority.
SRC075,23,General Manager of the Authority.
SRC075,24,Appointment of officers and servants.
SRC075,25,Fund of the Authority.
SRC075,26,Borrowing powers of the Authority.
SRC075,27,Government guarantee.
SRC075,28,Transfer to the Authority of the assets and liabilities of the National Housing Fund.
SRC075,29,"Application of the provisions of the Finance Act, No. 38 of 1971."
SRC075,30,Power of Authority to investigate purposes to which loan is applied.
SRC075,31,Power of Authority to cancel the grant of a loan &c.
SRC075,32,Power of Authority to require additional security or recall loan.
SRC075,33,"Change, reduction or release of security."
SRC075,34,Permission of General Manager required under certain circumstances for alienation of security for a loan granted by the Authority.
SRC075,35,In certain circumstances security for a loan the Authority not to be seized or sold in execution of a decree which is not in favour of the General Manager.
SRC075,36,Mode of repayment of loans.
SRC075,37,"Registered address of borrower, &c."
SRC075,38,Service of notice on borrower &c.
SRC075,39,Priority of charge created by a loan made by the Authority.
SRC075,40,Form of mortgage of land.
SRC075,41,Default of payment.
SRC075,42,Action by Authority where default is made.
SRC075,43,Notification of errors in mortgage bonds and amendments of such bonds.
SRC075,44,Appointment of manager to take possession of mortgaged land.
SRC075,45,Procedure where manager is appointed.
SRC075,46,Authorization of sale of mortgaged land.
SRC075,47,Where borrower is dead.
SRC075,48,Notice of order of Authority to sell land.
SRC075,49,Notice of sale.
SRC075,50,Payment before sale.
SRC075,51,Upset price.
SRC075,52,Authority may bid for and purchase property mortgaged to it and sold by public auction.
SRC075,53,Default in respect of one of two loans on the same land.
SRC075,54,Recovery of expenses and costs incurred by the Authority
SRC075,55,Payment of balance of proceeds of deduction of amount due to the Authority.
SRC075,56,Certificate of sale.
SRC075,57,"Limitations of actions to invalidate sale, &c."
SRC075,58,Order for delivery of possession.
SRC075,59,Cancellation of sale.
SRC075,60,Re-sale by Authority.
SRC075,61,Authority not precluded from other methods of recovery.
SRC075,62,"Houses, flats and other buildings to which this Part applies and interpretation of the "" expressions "" landlord "" and occupier."
SRC075,63,Obligation to vacate building to which this Part applies.
SRC075,64,Application the court for recovery of possession and service of order nisi.
SRC075,65,Adjournment of hearing.
SRC075,66,Issue and execution of writ for delivery of possession.
SRC075,67,Appeals.
SRC075,68,Provisions for this Act to apply exclusively in all actions for ejectment from buildings to which this Part applies.
SRC075,69,"Costs, charges, and stamp duties."
SRC075,70,Certificate from the General Manager.
SRC075,71,Recovery of moneys due to the Authority.
SRC075,72,Recovery of sums liable to be paid to the Authority by persons out of the remuneration of such persons.
SRC075,73,Signature of documents by General Manager on behalf of the Authority.
SRC075,74,Declaration of secrecy.
SRC075,75,Directions of the Minister.
SRC075,76,Regulations.
SRC075,77,Power to enter any land or premises.
SRC075,78,"Members, officers and servants of the Authority deemed to be public servants."
SRC075,79,The Authority deemed to be a scheduled institution within the meaning of the Bribery Act.
SRC075,80,Protection for action taken under this Act or on the direction of -the Authority.
SRC075,81,Power of Authority to make rules.
SRC075,82,Inapplicability of certain laws to the Authority.
SRC075,83,Offences.
SRC075,84,Interpretation.
SRC011,1,Short title and date of operation
SRC011,2,Commissioner of Title Settlement
SRC011,3,Registrar General of Title and Title Registries
SRC011,4,Unit of record
SRC011,5,Method of registration
SRC011,6,All officers to be public servants
SRC011,7,Conciliation Boards
SRC011,8,Reference to Conciliation Boards
SRC011,9,Powers duties of Conciliation Boards
SRC011,10,Registration of title to land parcel to be in accordance with Cadastral Map
SRC011,11,Preparation of cadastral maps
SRC011,12,Publication of Notice
SRC011,13,Investigation
SRC011,14,Order of Declaration
SRC011,15,Appointment o f manager powers and duties
SRC011,16,Rights of co-owners
SRC011,17,Beneficiaries may request appointment of new Manager
SRC011,18,Power of Commissioner of Title settlement to appoint new Manager
SRC011,19,Registration of State land
SRC011,20,Registration of interest in land parcel
SRC011,21,Reference of claims to District Court
SRC011,22,Claimant aggrieved may make an appeal to District Court
SRC011,23,Additional surveys
SRC011,24,Order of Court
SRC011,25,Commiss ion to Surveyor-General
SRC011,26,Schedule of Title to be dispatched to registrar of Title on conclusion of investigations
SRC011,27,Contents of Schedule to be entered Registrar
SRC011,28,"Transactions relatin g to land parcels registered under the Act, not to be entered under Registration of Documents Ordinance"
SRC011,29,Person aggrieved by registration may apply to District Court
SRC011,30,Where District Court orders amendment of Register
SRC011,31,Conversion of Title to one of First Class Title of Absolute Ownership
SRC011,32,Effect of registration
SRC011,33,Entries in Title Register to be conclusive evidence of the rights conferred there in
SRC011,34,Inspection of Register and cadastral map
SRC011,35,Certification by Registrar to be prima facie evidence
SRC011,36,Sub-division or amalgamation of units
SRC011,37,Certificate of Title
SRC011,38,Interest in land parcel not acquired unless registration
SRC011,39,Transactions relating to a land parcel to be made in accordance with Act
SRC011,40,Who may present instrument for registration
SRC011,41,Day book
SRC011,42,Prior Title
SRC011,43,Form o f instruments relating to a land parcel
SRC011,44,Duties of Attestor
SRC011,45,Attestor to f orward instruments attested within seven days
SRC011,46,The Registrar of Title not to register instrument conveying title in future
SRC011,47,Part of land parcel not to be transferred unless new registers are opened
SRC011,48,Instrument conferring co-ownership invalid
SRC011,49,Instrument to take effect on registration
SRC011,50,Registration of horizontal sub-division of buildings
SRC011,51,Filing of condominiu m plan by superintendent of surveys
SRC011,52,Mode of registration of condominium parcels
SRC011,53,Retention and destruction of instruments
SRC011,54,"Registration of wills, and instruments executed in terms there of"
SRC011,55,Registered owner dying intestate
SRC011,56,Registration of Ownership
SRC011,57,Prescription
SRC011,58,Rectification and indemnity
SRC011,59,Where Court ord ers rectification
SRC011,60,Person suffering loss or damage to be indemnified
SRC011,61,No indemnity payabl e on surplus or deficiency
SRC011,62,Insurance Fund
SRC011,63,Partition Act not to apply
SRC011,64,Offences
SRC011,65,Offences relating to registers
SRC011,66,Fees
SRC011,67,Regulations
SRC011,68,Miscellaneou s
SRC011,69,Land Consolidation
SRC011,70,Notice declaring areas in which the principal of minimum economic unit will apply
SRC011,71,Use of computer and micro filming facilities
SRC011,72,Protections or action
SRC011,73,Conflict with other laws
SRC011,74,Sinhala text to prevail in case of inconsistency
SRC011,75,Interpretation
