year,dominant_layout,dominant_score
1878,dense_br_nlr,0.5585826
1896,paragraph_nlr,0.7905776986301369
1910,dense_br_nlr,0.6541797619047619
1911,paragraph_nlr,0.8906871754385964
1913,dense_br_nlr,0.5910266279069768
1914,paragraph_nlr,0.5759957291666666
1915,dense_br_nlr,0.9123841147540983
1924,paragraph_nlr,0.6730612647058823
1925,dense_br_nlr,0.6541855740740741
1940,paragraph_nlr,0.6787594146341464
1942,dense_br_nlr,0.9190863294117647
1978,structured_slr,0.6321846666666667
2005,late_slr_font,0.8410085681818181
