file,year,report_series,page_title,category,confidence,layout_scores.paragraph_nlr,layout_scores.dense_br_nlr,layout_scores.structured_slr,layout_scores.late_slr_font,fingerprint.paragraph_count,fingerprint.char_count,fingerprint.br_count,fingerprint.br_per_paragraph,fingerprint.br_per_1000_chars,fingerprint.font_count,fingerprint.font_per_paragraph,fingerprint.font_per_1000_chars,fingerprint.strong_count,fingerprint.em_count,fingerprint.has_held,fingerprint.has_cases_referred,fingerprint.has_cur_adv_vult,fingerprint.has_agreement,fingerprint.has_explicit_result,paragraph_nlr,dense_br_nlr,structured_slr,late_slr_font,decade,top_score,score_margin
1903/16.html,1903,NLR,Clara Fernanado v. Rosa Fernando - NLR - 65 of 9 [1903] LKCA 16; (1903) 9 NLR 65 (12 August 1903),paragraph_nlr,0.697547,0.697547,0.222453,0.077487,0.002513,14,7219,10,0.714286,1.385233,1,0.071429,0.138523,8,6,False,False,True,True,False,0.697547,0.222453,0.077487,0.002513,1900,0.697547,0.475094
1905/28.html,1905,NLR,Silva Et Al. v. Silva Et Al. - NLR - 110 of 9 [1905] LKCA 28; (1905) 9 NLR 110 (28 March 1905),paragraph_nlr,0.613845,0.613845,0.306155,0.07833,0.00167,23,10354,19,0.826087,1.83504,1,0.043478,0.096581,11,6,True,False,True,False,False,0.613845,0.306155,0.07833,0.00167,1900,0.613845,0.30768999999999996
1906/53.html,1906,NLR,Perera v. Perera Et Al. - NLR - 230 of 10 [1906] LKCA 53; (1906) 10 NLR 230 (24 January 1906),paragraph_nlr,0.745841,0.745841,0.174159,0.068384,0.011616,22,10986,14,0.636364,1.274349,4,0.181818,0.3641,11,10,False,False,True,True,True,0.745841,0.174159,0.068384,0.011616,1900,0.745841,0.571682
1908/17.html,1908,NLR,Palaniappa v. Gomes - NLR - 285 of 11 [1908] LKCA 17; (1908) 11 NLR 285 (14 September 1908),paragraph_nlr,0.694522,0.694522,0.225478,0.079121,0.000879,32,8905,23,0.71875,2.582819,0,0.0,0.0,13,11,True,False,True,False,True,0.694522,0.225478,0.079121,0.000879,1900,0.694522,0.46904399999999996
1908/41.html,1908,NLR,Jayawardana v. Isi Lebbe - NLR - 321 of 11 [1908] LKCA 41; (1908) 11 NLR 321 (16 October 1908),paragraph_nlr,0.697547,0.697547,0.222453,0.07308,0.00692,14,2172,10,0.714286,4.604052,2,0.142857,0.92081,5,8,True,False,True,False,True,0.697547,0.222453,0.07308,0.00692,1900,0.697547,0.475094
1908/45.html,1908,NLR,Abubakker Lebbe v. Ismail Lebbe - NLR - 309 of 11 [1908] LKCA 45; (1908) 11 NLR 309 (22 September 1908),paragraph_nlr,0.702494,0.702494,0.217506,0.079121,0.000879,58,19161,41,0.706897,2.139763,0,0.0,0.0,20,26,True,False,True,False,True,0.702494,0.217506,0.079121,0.000879,1900,0.702494,0.484988
1910/14.html,1910,NLR,Pitche Tamby Et Al. v. Fernando Et Al. - NLR - 73 of 14 [1910] LKCA 14; (1910) 14 NLR 73 (12 July 1910),dense_br_nlr,0.697547,0.222453,0.697547,0.07308,0.00692,21,7303,27,1.285714,3.697111,3,0.142857,0.41079,9,22,True,False,True,True,False,0.222453,0.697547,0.07308,0.00692,1910,0.697547,0.475094
1910/42.html,1910,NLR,Wijewardene v. Don John. - NLR - 196 of 25 [1910] LKCA 42; (1910) 25 NLR 196 (22 April 1910),dense_br_nlr,0.672574,0.247426,0.672574,0.079121,0.000879,8,3672,10,1.25,2.723312,0,0.0,0.0,8,4,True,True,False,True,True,0.247426,0.672574,0.079121,0.000879,1910,0.672574,0.42514799999999997
1913/82.html,1913,NLR,Palaniappa v. Sinnatamby - NLR - 236 of 16 [1913] LKCA 82; (1913) 16 NLR 236 (24 April 1913),dense_br_nlr,0.688668,0.231332,0.688668,0.076669,0.003331,11,4773,14,1.272727,2.933166,1,0.090909,0.209512,8,4,False,False,True,True,False,0.231332,0.688668,0.076669,0.003331,1910,0.688668,0.45733599999999996
1914/28.html,1914,NLR,Wadurala v. The Sunderland Rubber Co. - NLR - 76 of 18 [1914] LKCA 28; (1914) 18 NLR 76 (7 December 1914),dense_br_nlr,0.72808,0.19192,0.72808,0.079121,0.000879,9,4692,12,1.333333,2.557545,0,0.0,0.0,8,8,True,False,True,True,True,0.19192,0.72808,0.079121,0.000879,1910,0.72808,0.53616
1921/68.html,1921,NLR,Obeyesekera v. Euwardias - NLR - 462 of 23 [1921] LKCA 68; (1921) 23 NLR 462 (1 September 1921),dense_br_nlr,0.72808,0.19192,0.72808,0.079121,0.000879,6,1464,8,1.333333,5.464481,0,0.0,0.0,4,3,True,False,False,False,True,0.19192,0.72808,0.079121,0.000879,1920,0.72808,0.53616
1924/30.html,1924,NLR,Kandiah v. Village Committee of Atchuvely - NLR - 30 of 60 [1924] LKCA 30; (1924) 60 NLR 30 (1 November 1924),paragraph_nlr,0.73497,0.73497,0.18503,0.079121,0.000879,58,15033,38,0.655172,2.527772,0,0.0,0.0,5,19,True,False,True,True,True,0.73497,0.18503,0.079121,0.000879,1920,0.73497,0.54994
1943/23.html,1943,NLR,Saravanamuttu v. Vallipuram - NLR - 12 of 50 [1943] LKCA 23; (1943) 50 NLR 12 (19 August 1943),paragraph_nlr,0.542727,0.542727,0.377273,0.079121,0.000879,22,18556,20,0.909091,1.077818,0,0.0,0.0,18,31,True,False,True,True,True,0.542727,0.377273,0.079121,0.000879,1940,0.542727,0.16545399999999993
1947/76.html,1947,NLR,Ismail v. Herft - NLR - 112 of 50 [1947] LKCA 76; (1947) 50 NLR 112 (31 March 1947),dense_br_nlr,0.692149,0.227851,0.692149,0.079121,0.000879,18,27176,23,1.277778,0.846335,0,0.0,0.0,14,29,True,False,True,False,True,0.227851,0.692149,0.079121,0.000879,1940,0.692149,0.464298
1947/80.html,1947,NLR,Perera v. Perera - NLR - 575 of 48 [1947] LKCA 80; (1947) 48 NLR 575 (17 October 1947),dense_br_nlr,0.72808,0.19192,0.72808,0.075556,0.004444,9,1195,12,1.333333,10.041841,1,0.111111,0.83682,9,4,False,False,True,False,True,0.19192,0.72808,0.075556,0.004444,1940,0.72808,0.53616
1948/68.html,1948,NLR,"Abdeen v. Miller & Co., Ltd. - NLR - 43 of 50 [1948] LKCA 68; (1948) 50 NLR 43 (12 November 1948)",dense_br_nlr,0.634777,0.285223,0.634777,0.079121,0.000879,20,16526,24,1.2,1.452257,0,0.0,0.0,14,22,False,False,True,False,True,0.285223,0.634777,0.079121,0.000879,1940,0.634777,0.34955400000000003
1950/27.html,1950,NLR,Mackie Et Al. v. The Attorney General - NLR - 1 of 52 [1950] LKCA 27; (1950) 52 NLR 1 (22 May 1950),dense_br_nlr,0.493328,0.426672,0.493328,0.079009,0.000991,248,92106,257,1.03629,2.790263,2,0.008065,0.021714,44,18,True,False,True,True,True,0.426672,0.493328,0.079009,0.000991,1950,0.493328,0.06665599999999999
1955/65.html,1955,NLR,Munidasa v. Richard Appuhamy - NLR - 108 of 57 [1955] LKCA 65; (1955) 57 NLR 108 (22 July 1955),dense_br_nlr,0.597235,0.322765,0.597235,0.077278,0.002722,13,8149,15,1.153846,1.840717,1,0.076923,0.122714,12,9,True,False,True,False,True,0.322765,0.597235,0.077278,0.002722,1950,0.597235,0.27446999999999994
1957/91.html,1957,NLR,Siriya v. Amalee - NLR - 269 of 60 [1957] LKCA 91; (1957) 60 NLR 269 (11 April 1957),dense_br_nlr,0.642996,0.277004,0.642996,0.079121,0.000879,19,20066,23,1.210526,1.146217,0,0.0,0.0,10,31,True,False,True,True,True,0.277004,0.642996,0.079121,0.000879,1950,0.642996,0.36599200000000004
1958/17.html,1958,NLR,Kandiah v. Vairamuttu - NLR - 1 of 60 [1958] LKCA 17; (1958) 60 NLR 1 (22 July 1958),paragraph_nlr,0.666287,0.666287,0.253713,0.079121,0.000879,58,16862,44,0.758621,2.609418,0,0.0,0.0,3,30,True,False,True,True,True,0.666287,0.253713,0.079121,0.000879,1950,0.666287,0.41257399999999994
1963/51.html,1963,NLR,Rasammah v. Govindar Manar - NLR - 467 of 65 [1963] LKCA 51; (1963) 65 NLR 467 (4 July 1963),paragraph_nlr,0.738009,0.738009,0.181991,0.072372,0.007628,20,9450,13,0.65,1.375661,3,0.15,0.31746,13,21,True,False,False,True,True,0.738009,0.181991,0.072372,0.007628,1960,0.738009,0.556018
1977/10.html,1977,NLR,Nanda Mathew v. Commissioner of Elections Et Al. - NLR - 246 of 80 [1977] LKCA 10; (1977) 80 NLR 246 (11 July 1977),paragraph_nlr,0.553057,0.553057,0.366943,0.078127,0.001873,39,10409,35,0.897436,3.362475,2,0.051282,0.192141,16,6,True,False,True,True,True,0.553057,0.366943,0.078127,0.001873,1970,0.553057,0.186114
1977/12.html,1977,NLR,Michael Gunasekera and Others v. Abeywickrema Jayatillake - NLR - 225 of 80 [1977] LKCA 12; (1977) 80 NLR 225 (24 June 1977),paragraph_nlr,0.60062,0.60062,0.31938,0.07886,0.00114,114,58683,96,0.842105,1.635908,2,0.017544,0.034081,36,6,True,False,True,True,True,0.60062,0.31938,0.07886,0.00114,1970,0.60062,0.28124000000000005
1977/3.html,1977,NLR,Sebastian.A.Z v. Sri Dharma Kumarajeewa.L.S - NLR - 264 of 80 [1977] LKCA 3; (1977) 80 NLR 264 (8 December 1977),paragraph_nlr,0.480894,0.480894,0.439106,0.07828,0.00172,44,15570,43,0.977273,2.761721,2,0.045455,0.128452,18,4,True,False,True,True,True,0.480894,0.439106,0.07828,0.00172,1970,0.480894,0.04178799999999999
1985/23.html,1985,SLR,"Hameed v. Cassim - SLR - 30, Vol 2 of 1996 [1985] LKCA 23; (1996) 2 Sri LR 30 (28 February 1985)",structured_slr,0.532903,0.077886,0.002114,0.532903,0.387097,61,11799,6,0.098361,0.508518,17,0.278689,1.4408,22,16,True,True,True,False,True,0.077886,0.002114,0.532903,0.387097,1980,0.532903,0.145806
1986/22.html,1986,SLR,"Mercantile Credit Limited. v. Sirimawathie and Others - SLR - 346, Vol 1 of 1996 [1986] LKCA 22; (1996) 1 Sri LR 346 (2 May 1986)",structured_slr,0.681818,0.078115,0.001885,0.681818,0.238182,87,28631,6,0.068966,0.209563,20,0.229885,0.698544,20,50,True,True,False,False,False,0.078115,0.001885,0.681818,0.238182,1980,0.681818,0.44363600000000003
1990/22.html,1990,SLR,"Noordeen Lebbe v. Mohamadu Ameer and Others - SLR - 168, Vol 2 of 1990 [1990] LKCA 22; (1990) 2 Sri LR 168 (21 September 1990)",structured_slr,0.692458,0.077301,0.002699,0.692458,0.227542,31,1990,5,0.16129,2.512563,7,0.225806,3.517588,7,9,True,True,True,True,False,0.077301,0.002699,0.692458,0.227542,1990,0.692458,0.464916
1996/17.html,1996,SLR,"Rajah and Another v. Republic of Sri Lanka - SLR - 403, Vol 2 of 1996 [1996] LKCA 17; (1996) 2 Sri LR 403 (1 January 1996)",structured_slr,0.739721,0.076795,0.003205,0.739721,0.180279,34,4427,7,0.205882,1.581206,7,0.205882,1.581206,15,12,True,False,False,True,True,0.076795,0.003205,0.739721,0.180279,1990,0.739721,0.559442
2002/73.html,2002,SLR,"Dassanayake v. Sampath Bank Ltd. - SLR - 268, Vol 3 of 2002 [2002] LKCA 73; (2002) 3 Sri LR 268 (26 February 2002)",structured_slr,0.701539,0.0,0.08,0.701539,0.218461,9,4730,75,8.333333,15.856237,2,0.222222,0.422833,11,9,True,True,True,True,True,0.0,0.08,0.701539,0.218461,2000,0.701539,0.483078
2005/71.html,2005,SLR,"Marikkar v. Vanik Incorporation Ltd. And Others - SLR - 281, Vol 1 of 2006 [2005] LKCA 71; (2006) 1 Sri LR 281 (14 June 2005)",structured_slr,0.578998,0.062787,0.017213,0.578998,0.341002,34,7872,23,0.676471,2.921748,9,0.264706,1.143293,9,17,True,True,False,True,True,0.062787,0.017213,0.578998,0.341002,2000,0.578998,0.23799599999999999
