page_no,paper_no,paper_page,session,chars,words,lines,alpha_ratio,confidence,cached,empty,error
1,1,1,APRIL 2026,2263,384,37,0.7472,0.9459,True,False,
2,1,2,APRIL 2026,1943,350,41,0.7422,0.945,True,False,
3,1,3,APRIL 2026,2033,350,41,0.7732,0.9588,True,False,
4,1,4,APRIL 2026,1791,307,43,0.7554,0.9588,True,False,
5,2,1,OCTOBER 2025,2491,435,68,0.7559,0.8366,True,False,
6,2,2,OCTOBER 2025,2388,430,55,0.7395,0.8457,True,False,
7,2,3,OCTOBER 2025,2504,449,53,0.7516,0.945,True,False,
8,2,4,OCTOBER 2025,1974,348,53,0.7508,0.9112,True,False,
9,3,1,APRIL 2025,1691,281,30,0.7599,0.9742,True,False,
10,3,2,APRIL 2025,1836,334,34,0.7277,0.9402,True,False,
11,3,3,APRIL 2025,1550,269,33,0.7348,0.9805,True,False,
12,3,4,APRIL 2025,915,158,22,0.7224,0.9536,True,False,
13,4,1,OCTOBER 2024,2291,378,42,0.7486,0.8888,True,False,
14,4,2,OCTOBER 2024,1366,251,45,0.7028,0.9159,True,False,
15,4,3,OCTOBER 2024,1641,293,45,0.7562,0.9037,True,False,
16,4,4,OCTOBER 2024,1614,289,48,0.7138,0.9017,True,False,
17,4,5,OCTOBER 2024,1420,258,43,0.7401,0.9497,True,False,
18,5,1,APRIL 2024,2343,397,42,0.7478,0.9221,True,False,
19,5,2,APRIL 2024,1690,292,49,0.758,0.8904,True,False,
20,5,3,APRIL 2024,1891,335,50,0.7277,0.9307,True,False,
21,5,4,APRIL 2024,1026,179,28,0.7378,0.9068,True,False,
22,6,1,OCTOBER 2023,2234,374,40,0.7422,0.9226,True,False,
23,6,2,OCTOBER 2023,2027,358,45,0.7573,0.9106,True,False,
24,6,3,OCTOBER 2023,1682,299,49,0.736,0.9349,True,False,
25,6,4,OCTOBER 2023,1936,360,49,0.7175,0.9379,True,False,
26,7,1,APRIL 2023,1766,287,34,0.7344,0.8906,True,False,
27,7,2,APRIL 2023,1734,295,51,0.7457,0.9111,True,False,
28,7,3,APRIL 2023,1505,262,48,0.7349,0.88,True,False,
29,7,4,APRIL 2023,1734,300,49,0.7318,0.9509,True,False,
30,8,1,OCTOBER 2022,1983,327,35,0.7378,0.9124,True,False,
31,8,2,OCTOBER 2022,1731,299,42,0.7672,0.9181,True,False,
32,8,3,OCTOBER 2022,1926,344,47,0.7705,0.9354,True,False,
33,8,4,OCTOBER 2022,1848,318,49,0.7446,0.918,True,False,
34,8,5,OCTOBER 2022,1139,218,33,0.7261,0.9589,True,False,
35,8,6,OCTOBER 2022,1275,267,42,0.5647,0.6398,True,False,
36,9,1,OCTOBER 2021 / APRIL 2022,2261,363,41,0.7444,0.9194,True,False,
37,9,2,OCTOBER 2021 / APRIL 2022,1531,268,42,0.74,0.8995,True,False,
38,9,3,OCTOBER 2021 / APRIL 2022,1769,316,46,0.7241,0.8968,True,False,
39,9,4,OCTOBER 2021 / APRIL 2022,1470,269,39,0.732,0.9218,True,False,
40,10,1,OCTOBER 2021,2092,338,41,0.7424,0.9478,True,False,
41,10,2,OCTOBER 2021,1548,273,49,0.7384,0.9089,True,False,
42,10,3,OCTOBER 2021,2231,391,60,0.7503,0.967,True,False,
43,10,4,OCTOBER 2021,1781,322,49,0.717,0.9058,True,False,
44,11,1,OCTOBER 2020,2187,371,43,0.749,0.9639,True,False,
45,11,2,OCTOBER 2020,1719,303,39,0.7691,0.8952,True,False,
46,11,3,OCTOBER 2020,1871,327,54,0.7333,0.9435,True,False,
47,11,4,OCTOBER 2020,842,159,24,0.7233,0.9562,True,False,
48,12,1,APRIL 2020,2739,478,42,0.766,0.9426,True,False,
49,12,2,APRIL 2020,2540,450,50,0.7709,0.9112,True,False,
50,12,3,APRIL 2020,2541,450,46,0.778,0.8878,True,False,
51,12,4,APRIL 2020,2090,368,50,0.7569,0.9329,True,False,
52,13,1,OCTOBER 2019,2731,489,43,0.7426,0.9694,True,False,
53,13,2,OCTOBER 2019,1821,333,51,0.7364,0.9107,True,False,
54,13,3,OCTOBER 2019,2052,367,51,0.7636,0.9284,True,False,
55,13,4,OCTOBER 2019,2043,360,47,0.7675,0.9053,True,False,
56,14,1,APRIL 2019,2429,420,41,0.7509,0.93,True,False,
57,14,2,APRIL 2019,2645,496,56,0.7471,0.893,True,False,
58,14,3,APRIL 2019,2726,504,46,0.7583,0.9444,True,False,
59,14,4,APRIL 2019,2242,401,41,0.7663,0.9209,True,False,
60,15,1,OCTOBER 2018,2612,455,66,0.758,0.7327,True,False,
61,15,2,OCTOBER 2018,2631,483,80,0.7324,0.6928,True,False,
62,15,3,OCTOBER 2018,2084,365,47,0.7495,0.9393,True,False,
63,15,4,OCTOBER 2018,2823,512,47,0.7761,0.9319,True,False,
64,16,1,APRIL 2018,2561,437,58,0.7489,0.7832,True,False,
65,16,2,APRIL 2018,2487,439,55,0.7427,0.8585,True,False,
66,16,3,APRIL 2018,2504,463,51,0.7588,0.8968,True,False,
67,16,4,APRIL 2018,2400,422,57,0.7388,0.8042,True,False,
