url,status,bytes,fetched_at,note
https://www.commonlii.org/lk/cases/LKSC/1906/,403,0,2026-08-12T11:21:51Z,attempt 1
https://www.commonlii.org/lk/cases/LKSC/,403,0,2026-08-12T11:21:53Z,attempt 1
https://www.commonlii.org/lk/cases/LKSC/1906/,403,0,2026-08-12T11:45:30Z,attempt 1
https://www.commonlii.org/lk/cases/LKHC/1901/,403,0,2026-08-12T11:45:37Z,attempt 1
https://www.commonlii.org/lk/cases/LKSC/1906/,200,5587,2026-08-12T12:14:06Z,index:LKSC:1906 via cloudscraper
https://www.commonlii.org/lk/cases/LKSC/1906/1.html,200,19329,2026-08-12T12:14:08Z,case:LKSC:1906 via cloudscraper
https://www.commonlii.org/lk/cases/LKSC/1906/4.html,200,17716,2026-08-12T12:14:10Z,case:LKSC:1906 via cloudscraper
https://www.commonlii.org/lk/cases/LKSC/1906/2.html,200,35188,2026-08-12T12:14:12Z,case:LKSC:1906 via cloudscraper
https://www.commonlii.org/lk/cases/LKSC/1906/3.html,200,26971,2026-08-12T12:14:14Z,case:LKSC:1906 via cloudscraper
https://www.commonlii.org/lk/cases/LKSC/1878/,200,4889,2026-08-13T16:56:27Z,index:LKSC:1878 via cloudscraper
https://www.commonlii.org/lk/cases/LKSC/1895/,200,5269,2026-08-13T16:56:30Z,index:LKSC:1895 via cloudscraper
https://www.commonlii.org/lk/cases/LKSC/1896/,200,5735,2026-08-13T16:56:32Z,index:LKSC:1896 via cloudscraper
https://www.commonlii.org/lk/cases/LKSC/1897/,200,4938,2026-08-13T16:56:34Z,index:LKSC:1897 via cloudscraper
https://www.commonlii.org/lk/cases/LKSC/1898/,200,5017,2026-08-13T16:56:36Z,index:LKSC:1898 via cloudscraper
https://www.commonlii.org/lk/cases/LKSC/1899/,200,4790,2026-08-13T16:56:38Z,index:LKSC:1899 via cloudscraper
https://www.commonlii.org/lk/cases/LKSC/1900/,200,4540,2026-08-13T16:56:40Z,index:LKSC:1900 via cloudscraper
https://www.commonlii.org/lk/cases/LKSC/1901/,200,5437,2026-08-13T16:56:43Z,index:LKSC:1901 via cloudscraper
https://www.commonlii.org/lk/cases/LKSC/1902/,200,6851,2026-08-13T16:56:45Z,index:LKSC:1902 via cloudscraper
https://www.commonlii.org/lk/cases/LKSC/1903/,200,5141,2026-08-13T16:56:47Z,index:LKSC:1903 via cloudscraper
https://www.commonlii.org/lk/cases/LKSC/1904/,200,4571,2026-08-13T16:56:48Z,index:LKSC:1904 via cloudscraper
https://www.commonlii.org/lk/cases/LKSC/1905/,200,4541,2026-08-13T16:56:51Z,index:LKSC:1905 via cloudscraper
https://www.commonlii.org/lk/cases/LKSC/1908/,200,5080,2026-08-13T16:56:53Z,index:LKSC:1908 via cloudscraper
https://www.commonlii.org/lk/cases/LKSC/1909/,200,4540,2026-08-13T16:56:55Z,index:LKSC:1909 via cloudscraper
https://www.commonlii.org/lk/cases/LKSC/1910/,200,4597,2026-08-13T16:56:58Z,index:LKSC:1910 via cloudscraper
https://www.commonlii.org/lk/cases/LKSC/1911/,200,5114,2026-08-13T16:56:59Z,index:LKSC:1911 via cloudscraper
https://www.commonlii.org/lk/cases/LKSC/1912/,200,4547,2026-08-13T16:57:03Z,index:LKSC:1912 via cloudscraper
https://www.commonlii.org/lk/cases/LKSC/1913/,200,4778,2026-08-13T16:57:05Z,index:LKSC:1913 via cloudscraper
https://www.commonlii.org/lk/cases/LKSC/1914/,200,5636,2026-08-13T16:57:08Z,index:LKSC:1914 via cloudscraper
https://www.commonlii.org/lk/cases/LKSC/1915/,200,4606,2026-08-13T16:57:09Z,index:LKSC:1915 via cloudscraper
https://www.commonlii.org/lk/cases/LKSC/1916/,200,5089,2026-08-13T16:57:13Z,index:LKSC:1916 via cloudscraper
https://www.commonlii.org/lk/cases/LKSC/1917/,200,5886,2026-08-13T16:57:14Z,index:LKSC:1917 via cloudscraper
https://www.commonlii.org/lk/cases/LKSC/1918/,200,5058,2026-08-13T16:57:16Z,index:LKSC:1918 via cloudscraper
https://www.commonlii.org/lk/cases/LKSC/1919/,200,4545,2026-08-13T16:57:19Z,index:LKSC:1919 via cloudscraper
https://www.commonlii.org/lk/cases/LKSC/1920/,200,5063,2026-08-13T16:57:20Z,index:LKSC:1920 via cloudscraper
https://www.commonlii.org/lk/cases/LKSC/1921/,200,5396,2026-08-13T16:57:23Z,index:LKSC:1921 via cloudscraper
https://www.commonlii.org/lk/cases/LKSC/1922/,200,4792,2026-08-13T16:57:24Z,index:LKSC:1922 via cloudscraper
https://www.commonlii.org/lk/cases/LKSC/1923/,200,5223,2026-08-13T16:57:27Z,index:LKSC:1923 via cloudscraper
https://www.commonlii.org/lk/cases/LKSC/1924/,200,5957,2026-08-13T16:57:29Z,index:LKSC:1924 via cloudscraper
https://www.commonlii.org/lk/cases/LKSC/1925/,200,5820,2026-08-13T16:57:31Z,index:LKSC:1925 via cloudscraper
https://www.commonlii.org/lk/cases/LKSC/1926/,200,5738,2026-08-13T16:57:33Z,index:LKSC:1926 via cloudscraper
https://www.commonlii.org/lk/cases/LKSC/1927/,200,5695,2026-08-13T16:57:35Z,index:LKSC:1927 via cloudscraper
https://www.commonlii.org/lk/cases/LKSC/1928/,200,5941,2026-08-13T16:57:37Z,index:LKSC:1928 via cloudscraper
https://www.commonlii.org/lk/cases/LKSC/1929/,200,5016,2026-08-13T16:57:39Z,index:LKSC:1929 via cloudscraper
https://www.commonlii.org/lk/cases/LKSC/1930/,200,7053,2026-08-13T16:57:42Z,index:LKSC:1930 via cloudscraper
https://www.commonlii.org/lk/cases/LKSC/1931/,200,8020,2026-08-13T16:57:44Z,index:LKSC:1931 via cloudscraper
https://www.commonlii.org/lk/cases/LKSC/1932/,200,6163,2026-08-13T16:57:46Z,index:LKSC:1932 via cloudscraper
https://www.commonlii.org/lk/cases/LKSC/1933/,200,5500,2026-08-13T16:57:48Z,index:LKSC:1933 via cloudscraper
https://www.commonlii.org/lk/cases/LKSC/1934/,200,5511,2026-08-13T16:57:50Z,index:LKSC:1934 via cloudscraper
https://www.commonlii.org/lk/cases/LKSC/1935/,200,6463,2026-08-13T16:57:53Z,index:LKSC:1935 via cloudscraper
https://www.commonlii.org/lk/cases/LKSC/1936/,200,8692,2026-08-13T16:57:54Z,index:LKSC:1936 via cloudscraper
https://www.commonlii.org/lk/cases/LKSC/1937/,200,8012,2026-08-13T16:57:56Z,index:LKSC:1937 via cloudscraper
https://www.commonlii.org/lk/cases/LKSC/1938/,200,7387,2026-08-13T16:57:59Z,index:LKSC:1938 via cloudscraper
https://www.commonlii.org/lk/cases/LKSC/1939/,200,6146,2026-08-13T16:58:02Z,index:LKSC:1939 via cloudscraper
https://www.commonlii.org/lk/cases/LKSC/1940/,200,7094,2026-08-13T16:58:03Z,index:LKSC:1940 via cloudscraper
https://www.commonlii.org/lk/cases/LKSC/1941/,200,8266,2026-08-13T16:58:05Z,index:LKSC:1941 via cloudscraper
https://www.commonlii.org/lk/cases/LKSC/1942/,200,6098,2026-08-13T16:58:08Z,index:LKSC:1942 via cloudscraper
https://www.commonlii.org/lk/cases/LKSC/1943/,200,9519,2026-08-13T16:58:09Z,index:LKSC:1943 via cloudscraper
https://www.commonlii.org/lk/cases/LKSC/1944/,200,8490,2026-08-13T16:58:12Z,index:LKSC:1944 via cloudscraper
https://www.commonlii.org/lk/cases/LKSC/1945/,200,8718,2026-08-13T16:58:15Z,index:LKSC:1945 via cloudscraper
https://www.commonlii.org/lk/cases/LKSC/1946/,200,10002,2026-08-13T16:58:16Z,index:LKSC:1946 via cloudscraper
https://www.commonlii.org/lk/cases/LKSC/1947/,200,9142,2026-08-13T16:58:19Z,index:LKSC:1947 via cloudscraper
https://www.commonlii.org/lk/cases/LKSC/1948/,200,11928,2026-08-13T16:58:21Z,index:LKSC:1948 via cloudscraper
https://www.commonlii.org/lk/cases/LKSC/1949/,200,10345,2026-08-13T16:58:23Z,index:LKSC:1949 via cloudscraper
https://www.commonlii.org/lk/cases/LKSC/1950/,200,7519,2026-08-13T16:58:27Z,index:LKSC:1950 via cloudscraper
https://www.commonlii.org/lk/cases/LKSC/1951/,200,8303,2026-08-13T16:58:29Z,index:LKSC:1951 via cloudscraper
https://www.commonlii.org/lk/cases/LKSC/1952/,200,8533,2026-08-13T16:58:31Z,index:LKSC:1952 via cloudscraper
https://www.commonlii.org/lk/cases/LKSC/1953/,200,10742,2026-08-13T16:58:34Z,index:LKSC:1953 via cloudscraper
https://www.commonlii.org/lk/cases/LKSC/1954/,200,7786,2026-08-13T16:58:36Z,index:LKSC:1954 via cloudscraper
https://www.commonlii.org/lk/cases/LKSC/1955/,200,9736,2026-08-13T16:58:38Z,index:LKSC:1955 via cloudscraper
https://www.commonlii.org/lk/cases/LKSC/1956/,200,9180,2026-08-13T16:58:41Z,index:LKSC:1956 via cloudscraper
https://www.commonlii.org/lk/cases/LKSC/1957/,200,10990,2026-08-13T16:58:43Z,index:LKSC:1957 via cloudscraper
https://www.commonlii.org/lk/cases/LKSC/1958/,200,11184,2026-08-13T16:58:44Z,index:LKSC:1958 via cloudscraper
https://www.commonlii.org/lk/cases/LKSC/1959/,200,9153,2026-08-13T16:58:48Z,index:LKSC:1959 via cloudscraper
https://www.commonlii.org/lk/cases/LKSC/1960/,200,9549,2026-08-13T16:58:51Z,index:LKSC:1960 via cloudscraper
https://www.commonlii.org/lk/cases/LKSC/1961/,200,12650,2026-08-13T16:58:53Z,index:LKSC:1961 via cloudscraper
https://www.commonlii.org/lk/cases/LKSC/1962/,200,12178,2026-08-13T16:58:55Z,index:LKSC:1962 via cloudscraper
https://www.commonlii.org/lk/cases/LKSC/1963/,200,12570,2026-08-13T16:58:57Z,index:LKSC:1963 via cloudscraper
https://www.commonlii.org/lk/cases/LKSC/1964/,200,7021,2026-08-13T16:58:59Z,index:LKSC:1964 via cloudscraper
https://www.commonlii.org/lk/cases/LKSC/1965/,200,11534,2026-08-13T16:59:00Z,index:LKSC:1965 via cloudscraper
https://www.commonlii.org/lk/cases/LKSC/1966/,200,11092,2026-08-13T16:59:03Z,index:LKSC:1966 via cloudscraper
https://www.commonlii.org/lk/cases/LKSC/1967/,200,10346,2026-08-13T16:59:05Z,index:LKSC:1967 via cloudscraper
https://www.commonlii.org/lk/cases/LKSC/1968/,200,12401,2026-08-13T16:59:07Z,index:LKSC:1968 via cloudscraper
https://www.commonlii.org/lk/cases/LKSC/1969/,200,11414,2026-08-13T16:59:10Z,index:LKSC:1969 via cloudscraper
https://www.commonlii.org/lk/cases/LKSC/1970/,200,11024,2026-08-13T16:59:12Z,index:LKSC:1970 via cloudscraper
https://www.commonlii.org/lk/cases/LKSC/1971/,200,12213,2026-08-13T16:59:14Z,index:LKSC:1971 via cloudscraper
https://www.commonlii.org/lk/cases/LKSC/1972/,200,9422,2026-08-13T16:59:17Z,index:LKSC:1972 via cloudscraper
https://www.commonlii.org/lk/cases/LKSC/1973/,200,8689,2026-08-13T16:59:19Z,index:LKSC:1973 via cloudscraper
https://www.commonlii.org/lk/cases/LKSC/1974/,200,6113,2026-08-13T16:59:21Z,index:LKSC:1974 via cloudscraper
https://www.commonlii.org/lk/cases/LKSC/1975/,200,7733,2026-08-13T16:59:24Z,index:LKSC:1975 via cloudscraper
https://www.commonlii.org/lk/cases/LKSC/1976/,200,7591,2026-08-13T16:59:26Z,index:LKSC:1976 via cloudscraper
https://www.commonlii.org/lk/cases/LKSC/1977/,200,4810,2026-08-13T16:59:28Z,index:LKSC:1977 via cloudscraper
https://www.commonlii.org/lk/cases/LKSC/1978/,200,6181,2026-08-13T16:59:29Z,index:LKSC:1978 via cloudscraper
https://www.commonlii.org/lk/cases/LKSC/1979/,200,5712,2026-08-13T16:59:32Z,index:LKSC:1979 via cloudscraper
https://www.commonlii.org/lk/cases/LKSC/1980/,200,6284,2026-08-13T16:59:36Z,index:LKSC:1980 via cloudscraper
https://www.commonlii.org/lk/cases/LKSC/1981/,200,14539,2026-08-13T16:59:38Z,index:LKSC:1981 via cloudscraper
https://www.commonlii.org/lk/cases/LKSC/1982/,200,13535,2026-08-13T16:59:40Z,index:LKSC:1982 via cloudscraper
https://www.commonlii.org/lk/cases/LKSC/1983/,200,10047,2026-08-13T16:59:42Z,index:LKSC:1983 via cloudscraper
https://www.commonlii.org/lk/cases/LKSC/1984/,200,10245,2026-08-13T16:59:44Z,index:LKSC:1984 via cloudscraper
https://www.commonlii.org/lk/cases/LKSC/1985/,200,10572,2026-08-13T16:59:46Z,index:LKSC:1985 via cloudscraper
https://www.commonlii.org/lk/cases/LKSC/1986/,200,13490,2026-08-13T16:59:47Z,index:LKSC:1986 via cloudscraper
https://www.commonlii.org/lk/cases/LKSC/1987/,200,9735,2026-08-13T16:59:50Z,index:LKSC:1987 via cloudscraper
https://www.commonlii.org/lk/cases/LKSC/1988/,200,11151,2026-08-13T16:59:52Z,index:LKSC:1988 via cloudscraper
https://www.commonlii.org/lk/cases/LKSC/1989/,200,13005,2026-08-13T16:59:53Z,index:LKSC:1989 via cloudscraper
https://www.commonlii.org/lk/cases/LKSC/1990/,200,10414,2026-08-13T16:59:57Z,index:LKSC:1990 via cloudscraper
https://www.commonlii.org/lk/cases/LKSC/1991/,200,14363,2026-08-13T16:59:59Z,index:LKSC:1991 via cloudscraper
https://www.commonlii.org/lk/cases/LKSC/1992/,200,12880,2026-08-13T17:00:01Z,index:LKSC:1992 via cloudscraper
https://www.commonlii.org/lk/cases/LKSC/1993/,200,16335,2026-08-13T17:00:04Z,index:LKSC:1993 via cloudscraper
https://www.commonlii.org/lk/cases/LKSC/1994/,200,15179,2026-08-13T17:00:06Z,index:LKSC:1994 via cloudscraper
https://www.commonlii.org/lk/cases/LKSC/1995/,200,17085,2026-08-13T17:00:08Z,index:LKSC:1995 via cloudscraper
https://www.commonlii.org/lk/cases/LKSC/1996/,200,14798,2026-08-13T17:00:10Z,index:LKSC:1996 via cloudscraper
https://www.commonlii.org/lk/cases/LKSC/1997/,200,16460,2026-08-13T17:00:13Z,index:LKSC:1997 via cloudscraper
https://www.commonlii.org/lk/cases/LKSC/1998/,200,19858,2026-08-13T17:00:15Z,index:LKSC:1998 via cloudscraper
https://www.commonlii.org/lk/cases/LKSC/1999/,200,17753,2026-08-13T17:00:17Z,index:LKSC:1999 via cloudscraper
https://www.commonlii.org/lk/cases/LKSC/2000/,200,14717,2026-08-13T17:00:19Z,index:LKSC:2000 via cloudscraper
https://www.commonlii.org/lk/cases/LKSC/2001/,200,12378,2026-08-13T17:00:22Z,index:LKSC:2001 via cloudscraper
https://www.commonlii.org/lk/cases/LKSC/2002/,200,15992,2026-08-13T17:00:24Z,index:LKSC:2002 via cloudscraper
https://www.commonlii.org/lk/cases/LKSC/2003/,200,10028,2026-08-13T17:00:27Z,index:LKSC:2003 via cloudscraper
https://www.commonlii.org/lk/cases/LKSC/2004/,200,10908,2026-08-13T17:00:30Z,index:LKSC:2004 via cloudscraper
https://www.commonlii.org/lk/cases/LKSC/2005/,200,9752,2026-08-13T17:00:32Z,index:LKSC:2005 via cloudscraper
https://www.commonlii.org/lk/cases/LKSC/2006/,200,8329,2026-08-13T17:00:35Z,index:LKSC:2006 via cloudscraper
https://www.commonlii.org/lk/cases/LKSC/2007/,200,7814,2026-08-13T17:00:37Z,index:LKSC:2007 via cloudscraper
https://www.commonlii.org/lk/cases/LKSC/2008/,200,6072,2026-08-13T17:00:38Z,index:LKSC:2008 via cloudscraper
https://www.commonlii.org/lk/cases/LKSC/2009/,200,12513,2026-08-13T17:00:42Z,index:LKSC:2009 via cloudscraper
https://www.commonlii.org/lk/cases/LKSC/2010/,200,7126,2026-08-13T17:00:43Z,index:LKSC:2010 via cloudscraper
https://www.commonlii.org/lk/cases/LKSC/2011/,200,5969,2026-08-13T17:00:45Z,index:LKSC:2011 via cloudscraper
https://www.commonlii.org/lk/cases/LKSC/2012/,200,6213,2026-08-13T17:00:48Z,index:LKSC:2012 via cloudscraper
