field,dense_br_nlr,paragraph_nlr,structured_slr,late_slr_font,all classes
case_name,100.0,100.0,100.0,100.0,100.0
neutral_citation,100.0,100.0,100.0,100.0,100.0
decision_date,100.0,100.0,100.0,100.0,100.0
hearing_dates,27.6,20.3,76.0,81.9,40.5
proceeding_type,98.1,75.8,99.3,100.0,95.4
case_numbers,85.6,35.7,44.8,20.6,66.3
originating_court,77.1,44.0,54.1,39.7,65.6
parties,100.0,100.0,100.0,100.0,100.0
bench,87.2,45.1,39.8,22.5,67.4
opinion_author,93.2,87.3,91.9,83.8,91.8
catchwords,91.8,81.0,88.4,91.6,89.5
disposition,98.6,83.3,98.8,97.2,96.5
costs_order,79.2,66.2,75.1,73.1,76.2
