paper_no,start_page,end_page,pages,session,source,score,signals,note
1,1,4,4,APRIL 2026,ocr,14,college;attorneys;examination;subject;rubric;answer_six;compulsory;marks_split;code,
2,5,8,4,OCTOBER 2025,ocr,9,college;attorneys;examination;subject;rubric;code,
3,9,12,4,APRIL 2025,ocr,10,college;examination;subject;rubric;answer_six;marks_split,
4,13,17,5,OCTOBER 2024,ocr,13,college;attorneys;examination;subject;time;rubric;answer_six;compulsory;code,
5,18,21,4,APRIL 2024,eye,3,eye,
6,22,25,4,OCTOBER 2023,ocr,13,college;attorneys;examination;subject;time;rubric;answer_six;compulsory;code,
7,26,29,4,APRIL 2023,ocr,15,college;attorneys;examination;subject;time;rubric;answer_six;compulsory;marks_split;code,
8,30,35,6,OCTOBER 2022,ocr,13,college;attorneys;examination;subject;time;rubric;answer_six;compulsory;code,repeat header on p35 (same session)
9,36,39,4,OCTOBER 2021 / APRIL 2022,ocr,15,college;attorneys;examination;subject;time;rubric;answer_six;compulsory;marks_split;code,
10,40,43,4,OCTOBER 2021,ocr,15,college;attorneys;examination;subject;time;rubric;answer_six;compulsory;marks_split;code,
11,44,47,4,OCTOBER 2020,eye,5,answer_six;compulsory;marks_split;eye,
12,48,51,4,APRIL 2020,eye,4,subject;time;compulsory;code;eye,
13,52,55,4,OCTOBER 2019,ocr,12,college;attorneys;examination;subject;answer_six;compulsory;marks_split;code,
14,56,59,4,APRIL 2019,ocr,10,college;attorneys;examination;subject;rubric;answer_six,
15,60,63,4,OCTOBER 2018,eye,4,time;answer_six;compulsory;eye,
16,64,67,4,APRIL 2018,eye,3,eye,
